Name,Sweep (T1),,,Name,Sweep (T2),,,
Date,03/04/2022,,,Date,03/04/2022,,,
Time,12:57:24,,,Time,12:57:24,,,
Instrument,FPC1000 - 204388/002,,,Instrument,FPC1000 - 204388/002,,,
Firmware Version,V1.70,,,Firmware Version,V1.70,,,
Country of Origin,Czech Republic,,,Country of Origin,Czech Republic,,,
Instrument Mode,Spectrum Analyzer,,,Instrument Mode,Spectrum Analyzer,,,
Meas Mode,Spectrum,,,Meas Mode,Spectrum,,,
Uplink,- - -,,,Uplink,- - -,,,
Downlink,- - -,,,Downlink,- - -,,,
Channel,- - -,,,Channel,- - -,,,
Center Frequency,613500000,Hz,,Center Frequency,613500000,Hz,,
Frequency Offset,0,Hz,,Frequency Offset,0,Hz,,
Span,12500000,Hz,,Span,12500000,Hz,,
Ref Level,-50,dBm,,Ref Level,-50,dBm,,
Ref Offset,0,dB,,Ref Offset,0,dB,,
Ref Position,1.00 ,,,Ref Position,1.00 ,,,
Range,100,dB,,Range,100,dB,,
RF Attenuation,Auto Low Distortion,,,RF Attenuation,Auto Low Distortion,,,
RF Attenuator,0,dB,,RF Attenuator,0,dB,,
Pre-Amplifier,Off,,,Pre-Amplifier,Off,,,
RF Input,50 Ω,,,RF Input,50 Ω,,,
RBW,10000,Hz,,RBW,10000,Hz,,
VBW,100000,Hz,,VBW,100000,Hz,,
SWT,0.252,s,,SWT,0.252,s,,
Trigger Mode,Free Run,,,Trigger Mode,Free Run,,,
Trigger Level,- - -,,,Trigger Level,- - -,,,
Trigger Delay,- - -,,,Trigger Delay,- - -,,,
Trace Mode,Clear / Write,,,Trace Mode,Max Hold,,,
Trace Math,Off,,,Trace Math,Off,,,
Trace Detector,RMS,,,Trace Detector,Max Peak,,,
Primary Transducer,- - -,,,Primary Transducer,- - -,,,
Secondary Transducer,- - -,,,Secondary Transducer,- - -,,,
Isotropic Antenna,Off,,,Isotropic Antenna,Off,,,
Limit Line 1,- - -,,,Limit Line 1,- - -,,,
Result Limit Line 1,- - -,,,Result Limit Line 1,- - -,,,
Limit Line 2,- - -,,,Limit Line 2,- - -,,,
Result Limit Line 2,- - -,,,Result Limit Line 2,- - -,,,
Marker 1,607250000,Hz,,Marker 1,607250000,Hz,,
Marker 1 Value,-107.92,dBm,,Marker 1 Value,-100.23,dBm,,

Frequency [Hz],Magnitude [dBm],,,Frequency [Hz],Magnitude [dBm],,,
607250000,-107.919532775879,,,607250000,-100.228912353516,,,
607260575.296108,-113.150611877441,,,607260575.296108,-99.3031311035156,,,
607271150.592217,-109.491149902344,,,607271150.592217,-99.6562042236328,,,
607281725.888325,-117.004814147949,,,607281725.888325,-101.229965209961,,,
607292301.184433,-107.651000976563,,,607292301.184433,-101.206390380859,,,
607302876.480541,-110.411209106445,,,607302876.480541,-99.9514312744141,,,
607313451.77665,-110.077484130859,,,607313451.77665,-100.802764892578,,,
607324027.072758,-112.921257019043,,,607324027.072758,-100.591873168945,,,
607334602.368866,-105.818626403809,,,607334602.368866,-100.728591918945,,,
607345177.664975,-106.353057861328,,,607345177.664975,-100.984680175781,,,
607355752.961083,-110.808265686035,,,607355752.961083,-100.703643798828,,,
607366328.257191,-108.226402282715,,,607366328.257191,-101.103302001953,,,
607376903.5533,-110.791481018066,,,607376903.5533,-100.892639160156,,,
607387478.849408,-105.191253662109,,,607387478.849408,-100.669006347656,,,
607398054.145516,-109.75936126709,,,607398054.145516,-100.092254638672,,,
607408629.441624,-109.29850769043,,,607408629.441624,-99.5189666748047,,,
607419204.737733,-112.616966247559,,,607419204.737733,-99.3545532226563,,,
607429780.033841,-112.09326171875,,,607429780.033841,-99.3709716796875,,,
607440355.329949,-109.659393310547,,,607440355.329949,-100.948547363281,,,
607450930.626058,-107.306915283203,,,607450930.626058,-100.61393737793,,,
607461505.922166,-108.650161743164,,,607461505.922166,-100.685897827148,,,
607472081.218274,-110.513336181641,,,607472081.218274,-100.499572753906,,,
607482656.514382,-108.752807617188,,,607482656.514382,-99.1671905517578,,,
607493231.810491,-111.234214782715,,,607493231.810491,-100.592849731445,,,
607503807.106599,-112.077262878418,,,607503807.106599,-98.8190155029297,,,
607514382.402707,-108.61962890625,,,607514382.402707,-98.9265899658203,,,
607524957.698816,-114.162986755371,,,607524957.698816,-99.4646148681641,,,
607535532.994924,-106.254951477051,,,607535532.994924,-99.7198791503906,,,
607546108.291032,-107.342437744141,,,607546108.291032,-99.2564849853516,,,
607556683.58714,-111.478370666504,,,607556683.58714,-100.53630065918,,,
607567258.883249,-116.555503845215,,,607567258.883249,-99.9119110107422,,,
607577834.179357,-111.934036254883,,,607577834.179357,-100.040954589844,,,
607588409.475465,-113.250885009766,,,607588409.475465,-99.3731994628906,,,
607598984.771574,-111.710411071777,,,607598984.771574,-99.4621429443359,,,
607609560.067682,-114.272300720215,,,607609560.067682,-100.470840454102,,,
607620135.36379,-108.686904907227,,,607620135.36379,-100.441116333008,,,
607630710.659899,-111.568466186523,,,607630710.659899,-97.4941253662109,,,
607641285.956007,-114.928901672363,,,607641285.956007,-98.837646484375,,,
607651861.252115,-108.537773132324,,,607651861.252115,-100.069381713867,,,
607662436.548223,-109.85986328125,,,607662436.548223,-98.9235534667969,,,
607673011.844332,-108.452087402344,,,607673011.844332,-99.8845062255859,,,
607683587.14044,-105.084266662598,,,607683587.14044,-100.189270019531,,,
607694162.436548,-109.196083068848,,,607694162.436548,-99.9876708984375,,,
607704737.732656,-106.592376708984,,,607704737.732656,-99.5060272216797,,,
607715313.028765,-111.278663635254,,,607715313.028765,-99.0504302978516,,,
607725888.324873,-105.397361755371,,,607725888.324873,-97.9981536865234,,,
607736463.620981,-109.589645385742,,,607736463.620981,-98.7439880371094,,,
607747038.91709,-108.326683044434,,,607747038.91709,-99.8922882080078,,,
607757614.213198,-108.917343139648,,,607757614.213198,-100.056030273438,,,
607768189.509306,-103.771392822266,,,607768189.509306,-100.172607421875,,,
607778764.805415,-111.560493469238,,,607778764.805415,-99.8710632324219,,,
607789340.101523,-106.921722412109,,,607789340.101523,-99.4843139648438,,,
607799915.397631,-107.030387878418,,,607799915.397631,-97.9553375244141,,,
607810490.693739,-106.712989807129,,,607810490.693739,-98.5606994628906,,,
607821065.989848,-108.204902648926,,,607821065.989848,-99.6876373291016,,,
607831641.285956,-112.709800720215,,,607831641.285956,-99.2789306640625,,,
607842216.582064,-108.444145202637,,,607842216.582064,-99.1845092773438,,,
607852791.878173,-107.150077819824,,,607852791.878173,-99.1714630126953,,,
607863367.174281,-106.841926574707,,,607863367.174281,-99.0002288818359,,,
607873942.470389,-111.459762573242,,,607873942.470389,-98.5090789794922,,,
607884517.766497,-107.220573425293,,,607884517.766497,-98.7689666748047,,,
607895093.062606,-106.26880645752,,,607895093.062606,-98.9691314697266,,,
607905668.358714,-107.232963562012,,,607905668.358714,-97.8436584472656,,,
607916243.654822,-107.913108825684,,,607916243.654822,-98.4458312988281,,,
607926818.950931,-106.005844116211,,,607926818.950931,-97.2434997558594,,,
607937394.247039,-113.734191894531,,,607937394.247039,-96.7455596923828,,,
607947969.543147,-107.070899963379,,,607947969.543147,-99.3068084716797,,,
607958544.839255,-110.18334197998,,,607958544.839255,-99.9303588867188,,,
607969120.135364,-108.328483581543,,,607969120.135364,-98.268798828125,,,
607979695.431472,-105.737335205078,,,607979695.431472,-97.7852020263672,,,
607990270.72758,-109.372871398926,,,607990270.72758,-100.015747070313,,,
608000846.023689,-109.071105957031,,,608000846.023689,-99.8702392578125,,,
608011421.319797,-109.146377563477,,,608011421.319797,-99.1855773925781,,,
608021996.615905,-108.157104492188,,,608021996.615905,-99.4762725830078,,,
608032571.912014,-108.445892333984,,,608032571.912014,-98.3997344970703,,,
608043147.208122,-108.585601806641,,,608043147.208122,-99.2974395751953,,,
608053722.50423,-108.384925842285,,,608053722.50423,-99.7701721191406,,,
608064297.800338,-109.19612121582,,,608064297.800338,-98.5731048583984,,,
608074873.096447,-115.967819213867,,,608074873.096447,-98.4456787109375,,,
608085448.392555,-118.288185119629,,,608085448.392555,-98.5520324707031,,,
608096023.688663,-108.439453125,,,608096023.688663,-98.9045715332031,,,
608106598.984772,-111.684944152832,,,608106598.984772,-98.9635009765625,,,
608117174.28088,-111.704879760742,,,608117174.28088,-98.9407958984375,,,
608127749.576988,-115.278129577637,,,608127749.576988,-98.8852996826172,,,
608138324.873096,-106.830070495605,,,608138324.873096,-98.1394500732422,,,
608148900.169205,-102.289665222168,,,608148900.169205,-99.4364471435547,,,
608159475.465313,-108.00569152832,,,608159475.465313,-98.3320007324219,,,
608170050.761421,-112.49536895752,,,608170050.761421,-99.4260406494141,,,
608180626.05753,-110.372009277344,,,608180626.05753,-98.3701171875,,,
608191201.353638,-113.638023376465,,,608191201.353638,-98.9590911865234,,,
608201776.649746,-117.94694519043,,,608201776.649746,-99.20458984375,,,
608212351.945854,-106.507591247559,,,608212351.945854,-98.0709381103516,,,
608222927.241963,-109.052848815918,,,608222927.241963,-98.4886016845703,,,
608233502.538071,-107.705787658691,,,608233502.538071,-98.3860168457031,,,
608244077.834179,-108.255798339844,,,608244077.834179,-99.2739868164063,,,
608254653.130288,-108.979614257813,,,608254653.130288,-98.7864074707031,,,
608265228.426396,-112.600151062012,,,608265228.426396,-98.6756744384766,,,
608275803.722504,-105.29613494873,,,608275803.722504,-98.6239166259766,,,
608286379.018613,-104.738945007324,,,608286379.018613,-98.7636108398438,,,
608296954.314721,-108.180923461914,,,608296954.314721,-99.1671905517578,,,
608307529.610829,-107.395751953125,,,608307529.610829,-98.628173828125,,,
608318104.906937,-109.772041320801,,,608318104.906937,-99.0256805419922,,,
608328680.203046,-113.999038696289,,,608328680.203046,-99.5558319091797,,,
608339255.499154,-107.476043701172,,,608339255.499154,-99.4579467773438,,,
608349830.795262,-106.157417297363,,,608349830.795262,-98.7289886474609,,,
608360406.091371,-112.447303771973,,,608360406.091371,-97.5468139648438,,,
608370981.387479,-107.282325744629,,,608370981.387479,-97.9927062988281,,,
608381556.683587,-106.76416015625,,,608381556.683587,-98.0157623291016,,,
608392131.979695,-109.952209472656,,,608392131.979695,-98.7016754150391,,,
608402707.275804,-109.117179870605,,,608402707.275804,-98.0398864746094,,,
608413282.571912,-107.317581176758,,,608413282.571912,-98.3227691650391,,,
608423857.86802,-107.939682006836,,,608423857.86802,-99.3685455322266,,,
608434433.164129,-106.466575622559,,,608434433.164129,-99.1343383789063,,,
608445008.460237,-110.041061401367,,,608445008.460237,-99.6305389404297,,,
608455583.756345,-109.205444335938,,,608455583.756345,-99.1827239990234,,,
608466159.052454,-107.659469604492,,,608466159.052454,-98.6796417236328,,,
608476734.348562,-108.551628112793,,,608476734.348562,-99.0537261962891,,,
608487309.64467,-112.925628662109,,,608487309.64467,-99.3014831542969,,,
608497884.940778,-110.333549499512,,,608497884.940778,-99.1479797363281,,,
608508460.236887,-107.602432250977,,,608508460.236887,-98.4741516113281,,,
608519035.532995,-110.925987243652,,,608519035.532995,-98.7842864990234,,,
608529610.829103,-107.932594299316,,,608529610.829103,-98.6015014648438,,,
608540186.125211,-106.585456848145,,,608540186.125211,-98.4207000732422,,,
608550761.42132,-113.785377502441,,,608550761.42132,-99.2123260498047,,,
608561336.717428,-106.854537963867,,,608561336.717428,-99.72314453125,,,
608571912.013536,-105.478370666504,,,608571912.013536,-99.7942047119141,,,
608582487.309645,-107.597450256348,,,608582487.309645,-99.7069549560547,,,
608593062.605753,-112.510864257813,,,608593062.605753,-99.6673889160156,,,
608603637.901861,-112.318672180176,,,608603637.901861,-99.6030731201172,,,
608614213.19797,-107.608322143555,,,608614213.19797,-98.8978729248047,,,
608624788.494078,-105.407112121582,,,608624788.494078,-99.5761566162109,,,
608635363.790186,-110.643356323242,,,608635363.790186,-100.70719909668,,,
608645939.086294,-106.142730712891,,,608645939.086294,-99.1316833496094,,,
608656514.382403,-109.069808959961,,,608656514.382403,-99.11474609375,,,
608667089.678511,-108.510131835938,,,608667089.678511,-100.466995239258,,,
608677664.974619,-108.270278930664,,,608677664.974619,-99.5673522949219,,,
608688240.270728,-112.069282531738,,,608688240.270728,-99.5149078369141,,,
608698815.566836,-108.824523925781,,,608698815.566836,-98.1597442626953,,,
608709390.862944,-108.493049621582,,,608709390.862944,-99.6781921386719,,,
608719966.159052,-110.714004516602,,,608719966.159052,-98.9245758056641,,,
608730541.455161,-114.838775634766,,,608730541.455161,-100.270294189453,,,
608741116.751269,-109.217308044434,,,608741116.751269,-100.562042236328,,,
608751692.047377,-111.934593200684,,,608751692.047377,-100.183624267578,,,
608762267.343486,-110.855735778809,,,608762267.343486,-100.197845458984,,,
608772842.639594,-107.04322052002,,,608772842.639594,-99.8647918701172,,,
608783417.935702,-106.320388793945,,,608783417.935702,-99.2842254638672,,,
608793993.23181,-107.625434875488,,,608793993.23181,-101.022506713867,,,
608804568.527919,-112.490997314453,,,608804568.527919,-100.125259399414,,,
608815143.824027,-110.254386901855,,,608815143.824027,-99.8345336914063,,,
608825719.120135,-108.580139160156,,,608825719.120135,-100.494491577148,,,
608836294.416244,-111.575874328613,,,608836294.416244,-101.233123779297,,,
608846869.712352,-107.207817077637,,,608846869.712352,-100.790573120117,,,
608857445.00846,-109.551696777344,,,608857445.00846,-100.186553955078,,,
608868020.304569,-113.607086181641,,,608868020.304569,-100.24235534668,,,
608878595.600677,-108.988746643066,,,608878595.600677,-100.566955566406,,,
608889170.896785,-112.110260009766,,,608889170.896785,-101.030151367188,,,
608899746.192893,-109.785980224609,,,608899746.192893,-101.102325439453,,,
608910321.489002,-108.14128112793,,,608910321.489002,-101.577194213867,,,
608920896.78511,-108.28653717041,,,608920896.78511,-101.012130737305,,,
608931472.081218,-107.43098449707,,,608931472.081218,-101.30876159668,,,
608942047.377327,-109.207092285156,,,608942047.377327,-100.974411010742,,,
608952622.673435,-106.144897460938,,,608952622.673435,-100.655166625977,,,
608963197.969543,-106.655570983887,,,608963197.969543,-101.85075378418,,,
608973773.265651,-112.727035522461,,,608973773.265651,-101.413024902344,,,
608984348.56176,-112.019538879395,,,608984348.56176,-101.400482177734,,,
608994923.857868,-104.852264404297,,,608994923.857868,-101.342910766602,,,
609005499.153976,-106.131248474121,,,609005499.153976,-101.049911499023,,,
609016074.450085,-112.300758361816,,,609016074.450085,-101.737197875977,,,
609026649.746193,-108.703681945801,,,609026649.746193,-101.167785644531,,,
609037225.042301,-109.129104614258,,,609037225.042301,-99.7659530639648,,,
609047800.338409,-113.181182861328,,,609047800.338409,-99.9241638183594,,,
609058375.634518,-109.554122924805,,,609058375.634518,-100.751190185547,,,
609068950.930626,-110.566917419434,,,609068950.930626,-101.315032958984,,,
609079526.226734,-108.428886413574,,,609079526.226734,-101.505317687988,,,
609090101.522843,-111.491188049316,,,609090101.522843,-100.693901062012,,,
609100676.818951,-107.458969116211,,,609100676.818951,-99.7143478393555,,,
609111252.115059,-107.942474365234,,,609111252.115059,-100.821556091309,,,
609121827.411168,-111.016937255859,,,609121827.411168,-100.619567871094,,,
609132402.707276,-107.334991455078,,,609132402.707276,-100.636833190918,,,
609142978.003384,-108.185958862305,,,609142978.003384,-101.044090270996,,,
609153553.299492,-111.391143798828,,,609153553.299492,-99.927360534668,,,
609164128.595601,-108.689071655273,,,609164128.595601,-100.478500366211,,,
609174703.891709,-107.116149902344,,,609174703.891709,-100.844116210938,,,
609185279.187817,-107.456390380859,,,609185279.187817,-99.9848251342773,,,
609195854.483926,-107.598449707031,,,609195854.483926,-100.100967407227,,,
609206429.780034,-110.408302307129,,,609206429.780034,-100.440933227539,,,
609217005.076142,-111.189086914063,,,609217005.076142,-100.264511108398,,,
609227580.37225,-108.902778625488,,,609227580.37225,-100.953330993652,,,
609238155.668359,-107.926300048828,,,609238155.668359,-99.9893569946289,,,
609248730.964467,-107.470771789551,,,609248730.964467,-99.8136367797852,,,
609259306.260575,-113.467552185059,,,609259306.260575,-100.352424621582,,,
609269881.556684,-107.437423706055,,,609269881.556684,-100.64136505127,,,
609280456.852792,-106.166847229004,,,609280456.852792,-100.44116973877,,,
609291032.1489,-106.066741943359,,,609291032.1489,-100.215072631836,,,
609301607.445009,-111.677055358887,,,609301607.445009,-99.8601455688477,,,
609312182.741117,-110.371322631836,,,609312182.741117,-99.7198257446289,,,
609322758.037225,-112.800155639648,,,609322758.037225,-99.9008102416992,,,
609333333.333333,-107.245536804199,,,609333333.333333,-99.4030990600586,,,
609343908.629442,-110.518440246582,,,609343908.629442,-99.3063888549805,,,
609354483.92555,-105.756629943848,,,609354483.92555,-99.6874542236328,,,
609365059.221658,-111.182731628418,,,609365059.221658,-100.115409851074,,,
609375634.517766,-110.16650390625,,,609375634.517766,-98.6330413818359,,,
609386209.813875,-109.129570007324,,,609386209.813875,-99.2601089477539,,,
609396785.109983,-106.4208984375,,,609396785.109983,-98.6231079101563,,,
609407360.406091,-108.547050476074,,,609407360.406091,-99.5097351074219,,,
609417935.7022,-105.816009521484,,,609417935.7022,-99.7809600830078,,,
609428510.998308,-108.04150390625,,,609428510.998308,-100.295944213867,,,
609439086.294416,-107.337265014648,,,609439086.294416,-99.7677993774414,,,
609449661.590525,-107.522872924805,,,609449661.590525,-100.247291564941,,,
609460236.886633,-111.718948364258,,,609460236.886633,-100.274894714355,,,
609470812.182741,-105.240943908691,,,609470812.182741,-100.458221435547,,,
609481387.478849,-104.763244628906,,,609481387.478849,-100.956298828125,,,
609491962.774958,-110.893539428711,,,609491962.774958,-100.67310333252,,,
609502538.071066,-109.12117767334,,,609502538.071066,-100.213935852051,,,
609513113.367174,-112.511337280273,,,609513113.367174,-99.8519744873047,,,
609523688.663283,-108.414825439453,,,609523688.663283,-99.2931213378906,,,
609534263.959391,-108.243225097656,,,609534263.959391,-99.095573425293,,,
609544839.255499,-107.883018493652,,,609544839.255499,-99.8365020751953,,,
609555414.551607,-113.343475341797,,,609555414.551607,-99.0337600708008,,,
609565989.847716,-105.09578704834,,,609565989.847716,-99.2945861816406,,,
609576565.143824,-112.110641479492,,,609576565.143824,-99.8832702636719,,,
609587140.439932,-103.929763793945,,,609587140.439932,-97.8670806884766,,,
609597715.736041,-110.066184997559,,,609597715.736041,-97.9014129638672,,,
609608291.032149,-107.986137390137,,,609608291.032149,-99.6299819946289,,,
609618866.328257,-110.618392944336,,,609618866.328257,-98.1803131103516,,,
609629441.624365,-105.153221130371,,,609629441.624365,-99.3021469116211,,,
609640016.920474,-110.065467834473,,,609640016.920474,-99.1923294067383,,,
609650592.216582,-113.733322143555,,,609650592.216582,-98.2883453369141,,,
609661167.51269,-110.722427368164,,,609661167.51269,-98.697883605957,,,
609671742.808799,-105.535133361816,,,609671742.808799,-98.9899368286133,,,
609682318.104907,-110.083953857422,,,609682318.104907,-99.5097351074219,,,
609692893.401015,-114.737403869629,,,609692893.401015,-98.7372131347656,,,
609703468.697124,-108.494956970215,,,609703468.697124,-99.0455627441406,,,
609714043.993232,-104.563247680664,,,609714043.993232,-99.5716934204102,,,
609724619.28934,-107.244369506836,,,609724619.28934,-99.4208755493164,,,
609735194.585448,-105.768241882324,,,609735194.585448,-98.658576965332,,,
609745769.881557,-108.871170043945,,,609745769.881557,-97.925651550293,,,
609756345.177665,-106.64518737793,,,609756345.177665,-97.9825897216797,,,
609766920.473773,-103.711280822754,,,609766920.473773,-98.6320877075195,,,
609777495.769882,-106.906745910645,,,609777495.769882,-98.2339248657227,,,
609788071.06599,-112.062850952148,,,609788071.06599,-98.9450302124023,,,
609798646.362098,-111.254013061523,,,609798646.362098,-98.8429489135742,,,
609809221.658206,-110.308258056641,,,609809221.658206,-99.4738998413086,,,
609819796.954315,-107.421783447266,,,609819796.954315,-99.3408737182617,,,
609830372.250423,-105.217170715332,,,609830372.250423,-97.1155776977539,,,
609840947.546531,-105.295783996582,,,609840947.546531,-97.3058547973633,,,
609851522.84264,-106.464263916016,,,609851522.84264,-98.954216003418,,,
609862098.138748,-107.692611694336,,,609862098.138748,-98.8451156616211,,,
609872673.434856,-105.851440429688,,,609872673.434856,-98.9241790771484,,,
609883248.730964,-109.516639709473,,,609883248.730964,-99.0173187255859,,,
609893824.027073,-106.28596496582,,,609893824.027073,-99.4063034057617,,,
609904399.323181,-105.371810913086,,,609904399.323181,-99.9188461303711,,,
609914974.619289,-112.89102935791,,,609914974.619289,-99.0982131958008,,,
609925549.915398,-106.081283569336,,,609925549.915398,-99.0661392211914,,,
609936125.211506,-108.718116760254,,,609936125.211506,-98.2915573120117,,,
609946700.507614,-109.165954589844,,,609946700.507614,-99.8486175537109,,,
609957275.803723,-114.23787689209,,,609957275.803723,-97.686897277832,,,
609967851.099831,-113.819320678711,,,609967851.099831,-98.6813735961914,,,
609978426.395939,-105.77205657959,,,609978426.395939,-98.8617324829102,,,
609989001.692047,-103.972496032715,,,609989001.692047,-98.7705307006836,,,
609999576.988156,-105.649353027344,,,609999576.988156,-98.4988479614258,,,
610010152.284264,-108.559585571289,,,610010152.284264,-98.6743545532227,,,
610020727.580372,-111.443565368652,,,610020727.580372,-99.4532241821289,,,
610031302.876481,-105.525566101074,,,610031302.876481,-98.5581130981445,,,
610041878.172589,-104.024963378906,,,610041878.172589,-98.2165069580078,,,
610052453.468697,-102.573455810547,,,610052453.468697,-99.0741653442383,,,
610063028.764805,-104.625137329102,,,610063028.764805,-99.4480743408203,,,
610073604.060914,-105.723831176758,,,610073604.060914,-99.0922317504883,,,
610084179.357022,-111.890296936035,,,610084179.357022,-98.8649063110352,,,
610094754.65313,-105.552711486816,,,610094754.65313,-98.6630249023438,,,
610105329.949239,-106.944488525391,,,610105329.949239,-98.9409484863281,,,
610115905.245347,-111.179672241211,,,610115905.245347,-98.90966796875,,,
610126480.541455,-112.243232727051,,,610126480.541455,-99.5285415649414,,,
610137055.837563,-110.32054901123,,,610137055.837563,-97.5539245605469,,,
610147631.133672,-115.429054260254,,,610147631.133672,-98.124397277832,,,
610158206.42978,-110.443145751953,,,610158206.42978,-97.8227844238281,,,
610168781.725888,-107.97550201416,,,610168781.725888,-97.9143905639648,,,
610179357.021997,-110.309226989746,,,610179357.021997,-99.4057388305664,,,
610189932.318105,-107.240577697754,,,610189932.318105,-100.060157775879,,,
610200507.614213,-106.151878356934,,,610200507.614213,-99.0703201293945,,,
610211082.910321,-106.404685974121,,,610211082.910321,-98.7063903808594,,,
610221658.20643,-107.191413879395,,,610221658.20643,-98.7537612915039,,,
610232233.502538,-113.284889221191,,,610232233.502538,-99.6545181274414,,,
610242808.798646,-106.687675476074,,,610242808.798646,-98.8354873657227,,,
610253384.094755,-110.665573120117,,,610253384.094755,-98.6182174682617,,,
610263959.390863,-104.86262512207,,,610263959.390863,-98.7765884399414,,,
610274534.686971,-104.027030944824,,,610274534.686971,-99.5707244873047,,,
610285109.98308,-104.676063537598,,,610285109.98308,-98.6614456176758,,,
610295685.279188,-110.083839416504,,,610295685.279188,-99.1718673706055,,,
610306260.575296,-112.606872558594,,,610306260.575296,-99.4104614257813,,,
610316835.871404,-114.728454589844,,,610316835.871404,-99.4873580932617,,,
610327411.167513,-111.048400878906,,,610327411.167513,-99.9405746459961,,,
610337986.463621,-110.593475341797,,,610337986.463621,-99.8163223266602,,,
610348561.759729,-104.191513061523,,,610348561.759729,-99.7503890991211,,,
610359137.055838,-105.045570373535,,,610359137.055838,-99.6283950805664,,,
610369712.351946,-106.93285369873,,,610369712.351946,-99.8065795898438,,,
610380287.648054,-112.213722229004,,,610380287.648054,-99.0521850585938,,,
610390862.944162,-107.966812133789,,,610390862.944162,-100.127876281738,,,
610401438.240271,-105.370536804199,,,610401438.240271,-99.6212387084961,,,
610412013.536379,-105.639923095703,,,610412013.536379,-99.7908630371094,,,
610422588.832487,-109.580627441406,,,610422588.832487,-99.2306137084961,,,
610433164.128596,-108.000122070313,,,610433164.128596,-97.8021011352539,,,
610443739.424704,-109.729286193848,,,610443739.424704,-96.6159057617188,,,
610454314.720812,-108.039405822754,,,610454314.720812,-99.8780059814453,,,
610464890.01692,-111.921058654785,,,610464890.01692,-100.352424621582,,,
610475465.313029,-113.133880615234,,,610475465.313029,-98.7424011230469,,,
610486040.609137,-108.104263305664,,,610486040.609137,-100.871299743652,,,
610496615.905245,-108.300117492676,,,610496615.905245,-99.9706039428711,,,
610507191.201354,-108.283729553223,,,610507191.201354,-100.275352478027,,,
610517766.497462,-105.285255432129,,,610517766.497462,-99.5947189331055,,,
610528341.79357,-103.513732910156,,,610528341.79357,-100.660232543945,,,
610538917.089679,-106.218017578125,,,610538917.089679,-100.561012268066,,,
610549492.385787,-106.558502197266,,,610549492.385787,-100.269584655762,,,
610560067.681895,-109.65943145752,,,610560067.681895,-100.959533691406,,,
610570642.978003,-109.00366973877,,,610570642.978003,-99.9489212036133,,,
610581218.274112,-109.190338134766,,,610581218.274112,-100.17113494873,,,
610591793.57022,-107.201240539551,,,610591793.57022,-99.8803253173828,,,
610602368.866328,-109.418571472168,,,610602368.866328,-100.085708618164,,,
610612944.162437,-112.211738586426,,,610612944.162437,-101.120811462402,,,
610623519.458545,-113.351501464844,,,610623519.458545,-100.264511108398,,,
610634094.754653,-110.022476196289,,,610634094.754653,-101.311370849609,,,
610644670.050761,-110.162002563477,,,610644670.050761,-101.488189697266,,,
610655245.34687,-106.533958435059,,,610655245.34687,-99.910774230957,,,
610665820.642978,-109.718963623047,,,610665820.642978,-101.105270385742,,,
610676395.939086,-108.950500488281,,,610676395.939086,-100.365119934082,,,
610686971.235195,-111.693916320801,,,610686971.235195,-100.881889343262,,,
610697546.531303,-118.073768615723,,,610697546.531303,-100.617317199707,,,
610708121.827411,-110.430969238281,,,610708121.827411,-101.106803894043,,,
610718697.123519,-112.679801940918,,,610718697.123519,-101.336204528809,,,
610729272.419628,-108.80583190918,,,610729272.419628,-101.278106689453,,,
610739847.715736,-109.455451965332,,,610739847.715736,-101.101364135742,,,
610750423.011844,-109.637840270996,,,610750423.011844,-100.976585388184,,,
610760998.307953,-113.453140258789,,,610760998.307953,-101.249847412109,,,
610771573.604061,-108.064224243164,,,610771573.604061,-101.598205566406,,,
610782148.900169,-108.845039367676,,,610782148.900169,-102.190605163574,,,
610792724.196278,-111.60302734375,,,610792724.196278,-100.580284118652,,,
610803299.492386,-119.211769104004,,,610803299.492386,-100.46883392334,,,
610813874.788494,-111.463340759277,,,610813874.788494,-102.361045837402,,,
610824450.084602,-106.048126220703,,,610824450.084602,-100.025054931641,,,
610835025.380711,-108.808723449707,,,610835025.380711,-100.858024597168,,,
610845600.676819,-108.844764709473,,,610845600.676819,-99.7821578979492,,,
610856175.972927,-114.297737121582,,,610856175.972927,-100.968627929688,,,
610866751.269036,-108.07071685791,,,610866751.269036,-99.828498840332,,,
610877326.565144,-112.971343994141,,,610877326.565144,-101.105186462402,,,
610887901.861252,-115.411140441895,,,610887901.861252,-101.572731018066,,,
610898477.15736,-111.351631164551,,,610898477.15736,-100.300453186035,,,
610909052.453469,-112.237213134766,,,610909052.453469,-100.210350036621,,,
610919627.749577,-106.586761474609,,,610919627.749577,-99.9462127685547,,,
610930203.045685,-109.605331420898,,,610930203.045685,-99.9742126464844,,,
610940778.341794,-107.316581726074,,,610940778.341794,-99.9352798461914,,,
610951353.637902,-109.463790893555,,,610951353.637902,-99.1977310180664,,,
610961928.93401,-108.118301391602,,,610961928.93401,-101.015449523926,,,
610972504.230118,-110.658714294434,,,610972504.230118,-99.6826629638672,,,
610983079.526227,-109.219543457031,,,610983079.526227,-100.854309082031,,,
610993654.822335,-108.058174133301,,,610993654.822335,-100.089790344238,,,
611004230.118443,-110.631744384766,,,611004230.118443,-99.2309036254883,,,
611014805.414552,-109.526504516602,,,611014805.414552,-98.8865127563477,,,
611025380.71066,-107.927116394043,,,611025380.71066,-99.281623840332,,,
611035956.006768,-107.535995483398,,,611035956.006768,-99.3860168457031,,,
611046531.302876,-110.873901367188,,,611046531.302876,-99.184196472168,,,
611057106.598985,-108.384872436523,,,611057106.598985,-99.3596725463867,,,
611067681.895093,-107.014587402344,,,611067681.895093,-99.37451171875,,,
611078257.191201,-111.890693664551,,,611078257.191201,-100.509155273438,,,
611088832.48731,-110.169700622559,,,611088832.48731,-99.6663284301758,,,
611099407.783418,-120.679306030273,,,611099407.783418,-99.6808395385742,,,
611109983.079526,-108.85816192627,,,611109983.079526,-99.3295974731445,,,
611120558.375635,-108.853614807129,,,611120558.375635,-99.4018859863281,,,
611131133.671743,-111.014778137207,,,611131133.671743,-98.5653991699219,,,
611141708.967851,-114.680946350098,,,611141708.967851,-97.516716003418,,,
611152284.263959,-113.960395812988,,,611152284.263959,-97.5812301635742,,,
611162859.560068,-111.835151672363,,,611162859.560068,-99.5255661010742,,,
611173434.856176,-111.840042114258,,,611173434.856176,-98.7111740112305,,,
611184010.152284,-113.81787109375,,,611184010.152284,-99.406623840332,,,
611194585.448393,-105.451110839844,,,611194585.448393,-100.741760253906,,,
611205160.744501,-105.447128295898,,,611205160.744501,-100.307693481445,,,
611215736.040609,-106.180938720703,,,611215736.040609,-99.2914047241211,,,
611226311.336717,-108.97624206543,,,611226311.336717,-98.7930221557617,,,
611236886.632826,-111.375900268555,,,611236886.632826,-98.8121490478516,,,
611247461.928934,-110.982978820801,,,611247461.928934,-99.8174362182617,,,
611258037.225042,-108.604568481445,,,611258037.225042,-99.3383483886719,,,
611268612.521151,-108.732414245605,,,611268612.521151,-98.7442474365234,,,
611279187.817259,-109.101539611816,,,611279187.817259,-98.8915634155273,,,
611289763.113367,-110.564292907715,,,611289763.113367,-99.1678314208984,,,
611300338.409475,-107.017417907715,,,611300338.409475,-98.2880325317383,,,
611310913.705584,-107.755058288574,,,611310913.705584,-97.5819778442383,,,
611321489.001692,-109.94327545166,,,611321489.001692,-99.7457427978516,,,
611332064.2978,-111.759323120117,,,611332064.2978,-98.1727981567383,,,
611342639.593909,-116.810317993164,,,611342639.593909,-97.6295547485352,,,
611353214.890017,-107.042831420898,,,611353214.890017,-98.3175735473633,,,
611363790.186125,-112.306564331055,,,611363790.186125,-98.7558288574219,,,
611374365.482234,-109.482246398926,,,611374365.482234,-99.4752044677734,,,
611384940.778342,-106.382179260254,,,611384940.778342,-98.5813598632813,,,
611395516.07445,-102.751960754395,,,611395516.07445,-98.5251312255859,,,
611406091.370558,-105.588905334473,,,611406091.370558,-99.2619705200195,,,
611416666.666667,-105.874984741211,,,611416666.666667,-99.4039688110352,,,
611427241.962775,-107.127166748047,,,611427241.962775,-98.5079956054688,,,
611437817.258883,-108.350524902344,,,611437817.258883,-98.4169387817383,,,
611448392.554991,-106.992713928223,,,611448392.554991,-98.3422775268555,,,
611458967.8511,-111.043319702148,,,611458967.8511,-98.892219543457,,,
611469543.147208,-105.699775695801,,,611469543.147208,-99.1984329223633,,,
611480118.443316,-105.759384155273,,,611480118.443316,-98.9715881347656,,,
611490693.739425,-104.643981933594,,,611490693.739425,-97.8011093139648,,,
611501269.035533,-107.696891784668,,,611501269.035533,-98.2277984619141,,,
611511844.331641,-108.833274841309,,,611511844.331641,-98.7767562866211,,,
611522419.62775,-112.71728515625,,,611522419.62775,-99.0938339233398,,,
611532994.923858,-105.202308654785,,,611532994.923858,-99.1708908081055,,,
611543570.219966,-108.45964050293,,,611543570.219966,-96.6679153442383,,,
611554145.516074,-106.769218444824,,,611554145.516074,-96.5622711181641,,,
611564720.812183,-105.925094604492,,,611564720.812183,-97.5430603027344,,,
611575296.108291,-110.342407226563,,,611575296.108291,-98.237190246582,,,
611585871.404399,-110.154754638672,,,611585871.404399,-97.6695327758789,,,
611596446.700508,-105.928184509277,,,611596446.700508,-97.7132034301758,,,
611607021.996616,-106.446105957031,,,611607021.996616,-98.2356033325195,,,
611617597.292724,-107.004081726074,,,611617597.292724,-98.2752990722656,,,
611628172.588833,-106.50301361084,,,611628172.588833,-98.4388809204102,,,
611638747.884941,-104.589660644531,,,611638747.884941,-98.4388809204102,,,
611649323.181049,-105.246635437012,,,611649323.181049,-98.0149154663086,,,
611659898.477157,-105.057632446289,,,611659898.477157,-97.7500610351563,,,
611670473.773266,-105.937080383301,,,611670473.773266,-99.6852874755859,,,
611681049.069374,-105.943603515625,,,611681049.069374,-98.7784042358398,,,
611691624.365482,-110.022277832031,,,611691624.365482,-98.6749954223633,,,
611702199.661591,-107.738838195801,,,611702199.661591,-98.6400604248047,,,
611712774.957699,-108.191024780273,,,611712774.957699,-98.4041290283203,,,
611723350.253807,-108.374938964844,,,611723350.253807,-98.3296890258789,,,
611733925.549915,-103.32160949707,,,611733925.549915,-98.1221542358398,,,
611744500.846024,-104.422813415527,,,611744500.846024,-98.5367584228516,,,
611755076.142132,-104.315116882324,,,611755076.142132,-98.7283325195313,,,
611765651.43824,-107.024589538574,,,611765651.43824,-99.9455718994141,,,
611776226.734349,-105.552070617676,,,611776226.734349,-99.9243698120117,,,
611786802.030457,-104.058052062988,,,611786802.030457,-100.195320129395,,,
611797377.326565,-104.995338439941,,,611797377.326565,-98.8875198364258,,,
611807952.622673,-105.620681762695,,,611807952.622673,-98.9520721435547,,,
611818527.918782,-110.75227355957,,,611818527.918782,-99.037239074707,,,
611829103.21489,-112.660301208496,,,611829103.21489,-98.4950637817383,,,
611839678.510998,-111.157119750977,,,611839678.510998,-98.6676330566406,,,
611850253.807107,-105.561782836914,,,611850253.807107,-99.8803939819336,,,
611860829.103215,-106.771438598633,,,611860829.103215,-99.0193481445313,,,
611871404.399323,-110.644630432129,,,611871404.399323,-99.3833694458008,,,
611881979.695431,-109.477561950684,,,611881979.695431,-99.6364517211914,,,
611892554.99154,-106.999183654785,,,611892554.99154,-98.4466247558594,,,
611903130.287648,-108.708183288574,,,611903130.287648,-99.1338806152344,,,
611913705.583756,-109.632843017578,,,611913705.583756,-98.5986328125,,,
611924280.879865,-108.402313232422,,,611924280.879865,-98.7144088745117,,,
611934856.175973,-106.725631713867,,,611934856.175973,-99.3010177612305,,,
611945431.472081,-105.880035400391,,,611945431.472081,-99.2241744995117,,,
611956006.76819,-103.765655517578,,,611956006.76819,-99.2281799316406,,,
611966582.064298,-106.694313049316,,,611966582.064298,-98.9566879272461,,,
611977157.360406,-110.268051147461,,,611977157.360406,-98.8900451660156,,,
611987732.656514,-106.417755126953,,,611987732.656514,-98.9642105102539,,,
611998307.952623,-108.814254760742,,,611998307.952623,-98.951057434082,,,
612008883.248731,-107.63444519043,,,612008883.248731,-98.7239532470703,,,
612019458.544839,-106.080375671387,,,612019458.544839,-99.0741348266602,,,
612030033.840948,-107.468299865723,,,612030033.840948,-99.6030044555664,,,
612040609.137056,-106.725799560547,,,612040609.137056,-99.2579345703125,,,
612051184.433164,-109.042083740234,,,612051184.433164,-98.3302764892578,,,
612061759.729272,-104.442268371582,,,612061759.729272,-99.566276550293,,,
612072335.025381,-105.016189575195,,,612072335.025381,-99.2374649047852,,,
612082910.321489,-112.473350524902,,,612082910.321489,-99.2937927246094,,,
612093485.617597,-108.141304016113,,,612093485.617597,-99.3980941772461,,,
612104060.913706,-104.451782226563,,,612104060.913706,-99.2241744995117,,,
612114636.209814,-107.414077758789,,,612114636.209814,-98.3102035522461,,,
612125211.505922,-108.133285522461,,,612125211.505922,-99.1178970336914,,,
612135786.80203,-108.736793518066,,,612135786.80203,-99.2742614746094,,,
612146362.098139,-113.584083557129,,,612146362.098139,-98.9870452880859,,,
612156937.394247,-112.50178527832,,,612156937.394247,-99.2330932617188,,,
612167512.690355,-109.148635864258,,,612167512.690355,-100.630805969238,,,
612178087.986464,-112.162124633789,,,612178087.986464,-99.4563674926758,,,
612188663.282572,-110.494705200195,,,612188663.282572,-99.7443008422852,,,
612199238.57868,-107.684600830078,,,612199238.57868,-100.063682556152,,,
612209813.874789,-110.140914916992,,,612209813.874789,-100.377281188965,,,
612220389.170897,-108.925468444824,,,612220389.170897,-100.233222961426,,,
612230964.467005,-112.658988952637,,,612230964.467005,-99.9750747680664,,,
612241539.763113,-109.98592376709,,,612241539.763113,-99.9137191772461,,,
612252115.059222,-109.00846862793,,,612252115.059222,-99.8364334106445,,,
612262690.35533,-112.154113769531,,,612262690.35533,-98.4136199951172,,,
612273265.651438,-108.824310302734,,,612273265.651438,-99.6893310546875,,,
612283840.947546,-109.69548034668,,,612283840.947546,-99.5486145019531,,,
612294416.243655,-108.131774902344,,,612294416.243655,-100.444641113281,,,
612304991.539763,-107.614974975586,,,612304991.539763,-100.515998840332,,,
612315566.835871,-110.437576293945,,,612315566.835871,-100.365447998047,,,
612326142.13198,-106.82096862793,,,612326142.13198,-100.358589172363,,,
612336717.428088,-108.102645874023,,,612336717.428088,-100.05135345459,,,
612347292.724196,-107.107948303223,,,612347292.724196,-98.6422729492188,,,
612357868.020305,-107.352325439453,,,612357868.020305,-100.150993347168,,,
612368443.316413,-109.461494445801,,,612368443.316413,-99.6169052124023,,,
612379018.612521,-107.253875732422,,,612379018.612521,-100.168128967285,,,
612389593.908629,-108.078468322754,,,612389593.908629,-99.9634170532227,,,
612400169.204738,-107.301895141602,,,612400169.204738,-99.9746398925781,,,
612410744.500846,-117.352149963379,,,612410744.500846,-100.172424316406,,,
612421319.796954,-111.173500061035,,,612421319.796954,-99.8330993652344,,,
612431895.093063,-108.805503845215,,,612431895.093063,-101.02027130127,,,
612442470.389171,-107.102592468262,,,612442470.389171,-100.842430114746,,,
612453045.685279,-107.726608276367,,,612453045.685279,-100.205787658691,,,
612463620.981388,-116.401611328125,,,612463620.981388,-100.88737487793,,,
612474196.277496,-112.307693481445,,,612474196.277496,-100.474594116211,,,
612484771.573604,-108.690841674805,,,612484771.573604,-100.543739318848,,,
612495346.869712,-113.095550537109,,,612495346.869712,-100.678558349609,,,
612505922.165821,-108.099342346191,,,612505922.165821,-101.486961364746,,,
612516497.461929,-109.08080291748,,,612516497.461929,-100.567939758301,,,
612527072.758037,-114.374160766602,,,612527072.758037,-100.617256164551,,,
612537648.054146,-111.244804382324,,,612537648.054146,-100.55558013916,,,
612548223.350254,-112.862281799316,,,612548223.350254,-100.567695617676,,,
612558798.646362,-113.936347961426,,,612558798.646362,-101.479942321777,,,
612569373.94247,-105.328948974609,,,612569373.94247,-101.21949005127,,,
612579949.238579,-113.546348571777,,,612579949.238579,-102.114738464355,,,
612590524.534687,-108.704559326172,,,612590524.534687,-102.003204345703,,,
612601099.830795,-111.295684814453,,,612601099.830795,-99.2945404052734,,,
612611675.126904,-112.072113037109,,,612611675.126904,-99.3846893310547,,,
612622250.423012,-112.296104431152,,,612622250.423012,-100.979484558105,,,
612632825.71912,-110.731620788574,,,612632825.71912,-101.107559204102,,,
612643401.015228,-109.324226379395,,,612643401.015228,-100.351867675781,,,
612653976.311337,-109.192176818848,,,612653976.311337,-100.691246032715,,,
612664551.607445,-107.015693664551,,,612664551.607445,-101.775787353516,,,
612675126.903553,-110.901298522949,,,612675126.903553,-100.738021850586,,,
612685702.199662,-112.728424072266,,,612685702.199662,-100.790802001953,,,
612696277.49577,-109.101135253906,,,612696277.49577,-101.116714477539,,,
612706852.791878,-109.57470703125,,,612706852.791878,-99.9918060302734,,,
612717428.087986,-111.528877258301,,,612717428.087986,-99.7456359863281,,,
612728003.384095,-115.249488830566,,,612728003.384095,-100.358963012695,,,
612738578.680203,-110.055892944336,,,612738578.680203,-100.615737915039,,,
612749153.976311,-108.210311889648,,,612749153.976311,-100.386032104492,,,
612759729.27242,-115.540016174316,,,612759729.27242,-101.171745300293,,,
612770304.568528,-110.179725646973,,,612770304.568528,-100.632102966309,,,
612780879.864636,-111.31672668457,,,612780879.864636,-100.345962524414,,,
612791455.160745,-110.074447631836,,,612791455.160745,-100.291984558105,,,
612802030.456853,-113.610412597656,,,612802030.456853,-100.005752563477,,,
612812605.752961,-113.580909729004,,,612812605.752961,-100.296417236328,,,
612823181.049069,-112.589508056641,,,612823181.049069,-100.545471191406,,,
612833756.345178,-109.994743347168,,,612833756.345178,-99.5144195556641,,,
612844331.641286,-107.69157409668,,,612844331.641286,-99.5677719116211,,,
612854906.937394,-108.67359161377,,,612854906.937394,-100.226722717285,,,
612865482.233503,-110.051361083984,,,612865482.233503,-99.8484115600586,,,
612876057.529611,-106.356185913086,,,612876057.529611,-100.107345581055,,,
612886632.825719,-109.55687713623,,,612886632.825719,-98.7105407714844,,,
612897208.121827,-105.150054931641,,,612897208.121827,-100.062881469727,,,
612907783.417936,-107.14705657959,,,612907783.417936,-100.201995849609,,,
612918358.714044,-107.905502319336,,,612918358.714044,-98.9902267456055,,,
612928934.010152,-112.199966430664,,,612928934.010152,-98.4708709716797,,,
612939509.306261,-109.940010070801,,,612939509.306261,-98.6001739501953,,,
612950084.602369,-105.795127868652,,,612950084.602369,-99.3103179931641,,,
612960659.898477,-109.839691162109,,,612960659.898477,-99.4264297485352,,,
612971235.194585,-110.254432678223,,,612971235.194585,-100.28035736084,,,
612981810.490694,-107.576774597168,,,612981810.490694,-99.3077163696289,,,
612992385.786802,-110.286094665527,,,612992385.786802,-98.888786315918,,,
613002961.08291,-105.471824645996,,,613002961.08291,-97.9593734741211,,,
613013536.379019,-111.400741577148,,,613013536.379019,-98.4552612304688,,,
613024111.675127,-109.970329284668,,,613024111.675127,-99.4936141967773,,,
613034686.971235,-109.773376464844,,,613034686.971235,-98.7344207763672,,,
613045262.267344,-108.718887329102,,,613045262.267344,-99.1430206298828,,,
613055837.563452,-116.196235656738,,,613055837.563452,-99.7652130126953,,,
613066412.85956,-108.89656829834,,,613066412.85956,-99.9398880004883,,,
613076988.155668,-113.962951660156,,,613076988.155668,-99.008415222168,,,
613087563.451777,-111.507446289063,,,613087563.451777,-99.7104110717773,,,
613098138.747885,-112.56258392334,,,613098138.747885,-98.7789611816406,,,
613108714.043993,-111.817718505859,,,613108714.043993,-98.8889541625977,,,
613119289.340101,-109.392288208008,,,613119289.340101,-98.4979400634766,,,
613129864.63621,-107.44889831543,,,613129864.63621,-99.7511901855469,,,
613140439.932318,-110.611289978027,,,613140439.932318,-98.4842376708984,,,
613151015.228426,-118.468688964844,,,613151015.228426,-98.2264709472656,,,
613161590.524535,-109.142761230469,,,613161590.524535,-99.560676574707,,,
613172165.820643,-108.261596679688,,,613172165.820643,-99.5447540283203,,,
613182741.116751,-107.325004577637,,,613182741.116751,-98.9269332885742,,,
613193316.41286,-104.354011535645,,,613193316.41286,-98.4873199462891,,,
613203891.708968,-106.078453063965,,,613203891.708968,-98.9315338134766,,,
613214467.005076,-107.884368896484,,,613214467.005076,-99.6267852783203,,,
613225042.301184,-111.392440795898,,,613225042.301184,-99.6164016723633,,,
613235617.597293,-109.664482116699,,,613235617.597293,-99.9250869750977,,,
613246192.893401,-107.919807434082,,,613246192.893401,-98.5257949829102,,,
613256768.189509,-104.900482177734,,,613256768.189509,-99.0667419433594,,,
613267343.485618,-105.419784545898,,,613267343.485618,-99.5134506225586,,,
613277918.781726,-106.429016113281,,,613277918.781726,-98.5998687744141,,,
613288494.077834,-111.553688049316,,,613288494.077834,-99.0012969970703,,,
613299069.373942,-113.089172363281,,,613299069.373942,-98.8909759521484,,,
613309644.670051,-111.455299377441,,,613309644.670051,-99.3580093383789,,,
613320219.966159,-107.759231567383,,,613320219.966159,-99.3693084716797,,,
613330795.262267,-107.536811828613,,,613330795.262267,-99.2168426513672,,,
613341370.558376,-108.373687744141,,,613341370.558376,-99.2142944335938,,,
613351945.854484,-105.244323730469,,,613351945.854484,-100.036193847656,,,
613362521.150592,-110.417770385742,,,613362521.150592,-99.6225891113281,,,
613373096.4467,-116.55867767334,,,613373096.4467,-99.3381195068359,,,
613383671.742809,-112.48819732666,,,613383671.742809,-99.1623992919922,,,
613394247.038917,-114.306015014648,,,613394247.038917,-99.6653747558594,,,
613404822.335025,-115.391304016113,,,613404822.335025,-98.7173538208008,,,
613415397.631134,-110.867835998535,,,613415397.631134,-99.01708984375,,,
613425972.927242,-105.621757507324,,,613425972.927242,-98.3277740478516,,,
613436548.22335,-110.711585998535,,,613436548.22335,-98.8197937011719,,,
613447123.519459,-107.015846252441,,,613447123.519459,-97.5612030029297,,,
613457698.815567,-112.736671447754,,,613457698.815567,-97.6577529907227,,,
613468274.111675,-108.043418884277,,,613468274.111675,-99.1480331420898,,,
613478849.407783,-103.595794677734,,,613478849.407783,-99.4536437988281,,,
613489424.703892,-108.461975097656,,,613489424.703892,-99.2895355224609,,,
613500000,-109.474670410156,,,613500000,-98.8389434814453,,,
613510575.296108,-105.81315612793,,,613510575.296108,-98.8667373657227,,,
613521150.592217,-109.414962768555,,,613521150.592217,-97.6801834106445,,,
613531725.888325,-108.215690612793,,,613531725.888325,-97.6577529907227,,,
613542301.184433,-110.096466064453,,,613542301.184433,-98.7630233764648,,,
613552876.480541,-104.857856750488,,,613552876.480541,-98.9158782958984,,,
613563451.77665,-108.671600341797,,,613563451.77665,-98.9276123046875,,,
613574027.072758,-110.480903625488,,,613574027.072758,-97.6281051635742,,,
613584602.368866,-107.181549072266,,,613584602.368866,-97.4992218017578,,,
613595177.664975,-107.648773193359,,,613595177.664975,-99.2950897216797,,,
613605752.961083,-105.803131103516,,,613605752.961083,-98.4398727416992,,,
613616328.257191,-107.596015930176,,,613616328.257191,-98.8090057373047,,,
613626903.5533,-112.429901123047,,,613626903.5533,-98.6302795410156,,,
613637478.849408,-109.719345092773,,,613637478.849408,-98.7853775024414,,,
613648054.145516,-108.802734375,,,613648054.145516,-99.4052734375,,,
613658629.441624,-108.049133300781,,,613658629.441624,-97.6715087890625,,,
613669204.737733,-106.90340423584,,,613669204.737733,-99.0401000976563,,,
613679780.033841,-108.243240356445,,,613679780.033841,-98.2257308959961,,,
613690355.329949,-105.048400878906,,,613690355.329949,-99.5068359375,,,
613700930.626058,-111.040946960449,,,613700930.626058,-100.085273742676,,,
613711505.922166,-113.646522521973,,,613711505.922166,-96.3580627441406,,,
613722081.218274,-107.754272460938,,,613722081.218274,-97.6986236572266,,,
613732656.514382,-109.350509643555,,,613732656.514382,-98.4971694946289,,,
613743231.810491,-112.507423400879,,,613743231.810491,-99.6924896240234,,,
613753807.106599,-106.83715057373,,,613753807.106599,-99.6494522094727,,,
613764382.402707,-107.580169677734,,,613764382.402707,-99.6782989501953,,,
613774957.698816,-107.191070556641,,,613774957.698816,-98.5101470947266,,,
613785532.994924,-108.705848693848,,,613785532.994924,-98.8307800292969,,,
613796108.291032,-106.692047119141,,,613796108.291032,-98.776985168457,,,
613806683.58714,-108.977401733398,,,613806683.58714,-98.6727981567383,,,
613817258.883249,-106.368347167969,,,613817258.883249,-100.357299804688,,,
613827834.179357,-108.889091491699,,,613827834.179357,-99.5388565063477,,,
613838409.475465,-108.641357421875,,,613838409.475465,-97.7928161621094,,,
613848984.771574,-105.733245849609,,,613848984.771574,-100.113159179688,,,
613859560.067682,-105.607292175293,,,613859560.067682,-99.5539855957031,,,
613870135.36379,-106.448768615723,,,613870135.36379,-98.9068832397461,,,
613880710.659899,-110.712959289551,,,613880710.659899,-98.7474670410156,,,
613891285.956007,-106.391464233398,,,613891285.956007,-98.6935653686523,,,
613901861.252115,-106.885215759277,,,613901861.252115,-99.087890625,,,
613912436.548223,-108.924415588379,,,613912436.548223,-100.397239685059,,,
613923011.844332,-107.500221252441,,,613923011.844332,-99.5721206665039,,,
613933587.14044,-110.151466369629,,,613933587.14044,-99.5232086181641,,,
613944162.436548,-110.456970214844,,,613944162.436548,-100.018211364746,,,
613954737.732656,-107.620697021484,,,613954737.732656,-100.039268493652,,,
613965313.028765,-109.001609802246,,,613965313.028765,-99.5230178833008,,,
613975888.324873,-107.431381225586,,,613975888.324873,-99.5581207275391,,,
613986463.620981,-111.806625366211,,,613986463.620981,-100.079498291016,,,
613997038.91709,-108.414054870605,,,613997038.91709,-99.484504699707,,,
614007614.213198,-103.52953338623,,,614007614.213198,-99.4073638916016,,,
614018189.509306,-105.843902587891,,,614018189.509306,-99.7300415039063,,,
614028764.805415,-110.546073913574,,,614028764.805415,-99.6161956787109,,,
614039340.101523,-111.011222839355,,,614039340.101523,-98.3810577392578,,,
614049915.397631,-104.918426513672,,,614049915.397631,-99.2201309204102,,,
614060490.693739,-110.992195129395,,,614060490.693739,-99.5588989257813,,,
614071065.989848,-106.062995910645,,,614071065.989848,-99.493034362793,,,
614081641.285956,-114.446838378906,,,614081641.285956,-99.2133865356445,,,
614092216.582064,-111.191390991211,,,614092216.582064,-100.55265045166,,,
614102791.878173,-110.856437683105,,,614102791.878173,-100.432029724121,,,
614113367.174281,-118.26342010498,,,614113367.174281,-98.8850708007813,,,
614123942.470389,-104.594375610352,,,614123942.470389,-98.7758331298828,,,
614134517.766497,-105.376564025879,,,614134517.766497,-100.775390625,,,
614145093.062606,-110.157768249512,,,614145093.062606,-100.446975708008,,,
614155668.358714,-108.263679504395,,,614155668.358714,-98.7992553710938,,,
614166243.654822,-108.551895141602,,,614166243.654822,-101.660995483398,,,
614176818.950931,-106.752113342285,,,614176818.950931,-101.20198059082,,,
614187394.247039,-110.035346984863,,,614187394.247039,-100.898834228516,,,
614197969.543147,-113.624122619629,,,614197969.543147,-100.339584350586,,,
614208544.839255,-111.100189208984,,,614208544.839255,-100.135597229004,,,
614219120.135364,-109.084846496582,,,614219120.135364,-100.164924621582,,,
614229695.431472,-113.787895202637,,,614229695.431472,-100.15633392334,,,
614240270.72758,-107.124244689941,,,614240270.72758,-100.55982208252,,,
614250846.023689,-105.883338928223,,,614250846.023689,-101.018997192383,,,
614261421.319797,-108.622100830078,,,614261421.319797,-99.96728515625,,,
614271996.615905,-113.612228393555,,,614271996.615905,-100.153396606445,,,
614282571.912014,-110.412666320801,,,614282571.912014,-98.9169006347656,,,
614293147.208122,-113.954742431641,,,614293147.208122,-99.5990753173828,,,
614303722.50423,-108.606147766113,,,614303722.50423,-99.2371063232422,,,
614314297.800338,-112.503021240234,,,614314297.800338,-100.276641845703,,,
614324873.096447,-111.09130859375,,,614324873.096447,-100.880378723145,,,
614335448.392555,-110.279968261719,,,614335448.392555,-101.322082519531,,,
614346023.688663,-109.72151184082,,,614346023.688663,-101.261032104492,,,
614356598.984772,-111.164047241211,,,614356598.984772,-101.61222076416,,,
614367174.28088,-111.316368103027,,,614367174.28088,-100.684097290039,,,
614377749.576988,-108.59302520752,,,614377749.576988,-100.285705566406,,,
614388324.873096,-113.706062316895,,,614388324.873096,-99.6881866455078,,,
614398900.169205,-109.828414916992,,,614398900.169205,-100.100196838379,,,
614409475.465313,-107.385047912598,,,614409475.465313,-100.463943481445,,,
614420050.761421,-109.111145019531,,,614420050.761421,-101.15055847168,,,
614430626.05753,-109.980812072754,,,614430626.05753,-100.778823852539,,,
614441201.353638,-108.456695556641,,,614441201.353638,-101.447830200195,,,
614451776.649746,-104.693977355957,,,614451776.649746,-100.767845153809,,,
614462351.945854,-111.631301879883,,,614462351.945854,-100.265113830566,,,
614472927.241963,-106.835510253906,,,614472927.241963,-98.9938125610352,,,
614483502.538071,-103.750701904297,,,614483502.538071,-99.4434204101563,,,
614494077.834179,-107.964706420898,,,614494077.834179,-100.204406738281,,,
614504653.130288,-109.524383544922,,,614504653.130288,-100.527946472168,,,
614515228.426396,-110.549339294434,,,614515228.426396,-100.324096679688,,,
614525803.722504,-107.813758850098,,,614525803.722504,-100.123992919922,,,
614536379.018613,-110.369384765625,,,614536379.018613,-100.273498535156,,,
614546954.314721,-106.67253112793,,,614546954.314721,-99.331916809082,,,
614557529.610829,-112.813926696777,,,614557529.610829,-100.067878723145,,,
614568104.906937,-112.30313873291,,,614568104.906937,-100.161285400391,,,
614578680.203046,-112.390937805176,,,614578680.203046,-100.28515625,,,
614589255.499154,-108.610427856445,,,614589255.499154,-100.930999755859,,,
614599830.795262,-105.788055419922,,,614599830.795262,-101.088989257813,,,
614610406.091371,-114.273971557617,,,614610406.091371,-100.124664306641,,,
614620981.387479,-108.30980682373,,,614620981.387479,-99.3418731689453,,,
614631556.683587,-109.399230957031,,,614631556.683587,-98.9096298217773,,,
614642131.979695,-106.282745361328,,,614642131.979695,-100.458358764648,,,
614652707.275804,-109.056732177734,,,614652707.275804,-100.346069335938,,,
614663282.571912,-108.538146972656,,,614663282.571912,-99.8596725463867,,,
614673857.86802,-109.804908752441,,,614673857.86802,-98.3400421142578,,,
614684433.164129,-108.897369384766,,,614684433.164129,-98.3606872558594,,,
614695008.460237,-106.427299499512,,,614695008.460237,-100.618797302246,,,
614705583.756345,-113.235893249512,,,614705583.756345,-100.383895874023,,,
614716159.052454,-111.925834655762,,,614716159.052454,-100.618797302246,,,
614726734.348562,-111.398017883301,,,614726734.348562,-100.660606384277,,,
614737309.64467,-112.375900268555,,,614737309.64467,-99.7546539306641,,,
614747884.940778,-108.843185424805,,,614747884.940778,-99.0777282714844,,,
614758460.236887,-109.991134643555,,,614758460.236887,-99.8196258544922,,,
614769035.532995,-112.633941650391,,,614769035.532995,-100.084579467773,,,
614779610.829103,-109.663955688477,,,614779610.829103,-99.7373199462891,,,
614790186.125211,-109.55542755127,,,614790186.125211,-97.81640625,,,
614800761.42132,-107.0537109375,,,614800761.42132,-99.2040481567383,,,
614811336.717428,-105.363899230957,,,614811336.717428,-99.9967041015625,,,
614821912.013536,-104.316864013672,,,614821912.013536,-97.6037063598633,,,
614832487.309645,-110.697860717773,,,614832487.309645,-97.9255828857422,,,
614843062.605753,-107.182670593262,,,614843062.605753,-98.2817840576172,,,
614853637.901861,-108.028244018555,,,614853637.901861,-99.4177093505859,,,
614864213.19797,-103.138092041016,,,614864213.19797,-98.1163787841797,,,
614874788.494078,-104.447685241699,,,614874788.494078,-98.1954727172852,,,
614885363.790186,-107.373054504395,,,614885363.790186,-98.5042877197266,,,
614895939.086294,-106.045387268066,,,614895939.086294,-97.9514312744141,,,
614906514.382403,-112.933616638184,,,614906514.382403,-98.7198638916016,,,
614917089.678511,-108.329917907715,,,614917089.678511,-100.100196838379,,,
614927664.974619,-106.597152709961,,,614927664.974619,-98.1231918334961,,,
614938240.270728,-107.770332336426,,,614938240.270728,-98.0816421508789,,,
614948815.566836,-106.551063537598,,,614948815.566836,-98.4686279296875,,,
614959390.862944,-109.622787475586,,,614959390.862944,-99.3306121826172,,,
614969966.159052,-104.19287109375,,,614969966.159052,-99.3775405883789,,,
614980541.455161,-108.452346801758,,,614980541.455161,-99.9073715209961,,,
614991116.751269,-114.19221496582,,,614991116.751269,-98.9652862548828,,,
615001692.047377,-109.48250579834,,,615001692.047377,-99.4632873535156,,,
615012267.343486,-111.391059875488,,,615012267.343486,-98.536018371582,,,
615022842.639594,-107.487861633301,,,615022842.639594,-99.4762573242188,,,
615033417.935702,-103.751029968262,,,615033417.935702,-99.2334671020508,,,
615043993.23181,-110.050765991211,,,615043993.23181,-99.7358856201172,,,
615054568.527919,-107.299430847168,,,615054568.527919,-99.3558044433594,,,
615065143.824027,-108.706169128418,,,615065143.824027,-99.3667526245117,,,
615075719.120135,-110.991287231445,,,615075719.120135,-98.8901062011719,,,
615086294.416244,-109.73161315918,,,615086294.416244,-100.005668640137,,,
615096869.712352,-107.840629577637,,,615096869.712352,-99.7034912109375,,,
615107445.00846,-107.481773376465,,,615107445.00846,-99.2573699951172,,,
615118020.304569,-107.472427368164,,,615118020.304569,-99.1013107299805,,,
615128595.600677,-104.423561096191,,,615128595.600677,-97.5876007080078,,,
615139170.896785,-108.575370788574,,,615139170.896785,-97.0934829711914,,,
615149746.192893,-110.680374145508,,,615149746.192893,-98.3582916259766,,,
615160321.489002,-105.574806213379,,,615160321.489002,-98.7800598144531,,,
615170896.78511,-109.723648071289,,,615170896.78511,-100.135940551758,,,
615181472.081218,-105.439018249512,,,615181472.081218,-99.7147369384766,,,
615192047.377327,-108.333190917969,,,615192047.377327,-99.5503540039063,,,
615202622.673435,-107.786140441895,,,615202622.673435,-99.7373199462891,,,
615213197.969543,-106.827629089355,,,615213197.969543,-99.4096832275391,,,
615223773.265651,-112.478485107422,,,615223773.265651,-99.6388092041016,,,
615234348.56176,-111.243774414063,,,615234348.56176,-99.3925399780273,,,
615244923.857868,-109.566612243652,,,615244923.857868,-99.4733428955078,,,
615255499.153976,-111.191329956055,,,615255499.153976,-98.6178131103516,,,
615266074.450085,-110.10391998291,,,615266074.450085,-98.3412322998047,,,
615276649.746193,-107.464385986328,,,615276649.746193,-100.133911132813,,,
615287225.042301,-108.516944885254,,,615287225.042301,-98.474479675293,,,
615297800.338409,-109.737846374512,,,615297800.338409,-98.8637542724609,,,
615308375.634518,-102.24333190918,,,615308375.634518,-97.8394927978516,,,
615318950.930626,-109.027549743652,,,615318950.930626,-97.7445068359375,,,
615329526.226734,-106.383239746094,,,615329526.226734,-99.1587677001953,,,
615340101.522843,-110.632034301758,,,615340101.522843,-99.3018264770508,,,
615350676.818951,-105.557197570801,,,615350676.818951,-98.2427825927734,,,
615361252.115059,-107.460662841797,,,615361252.115059,-98.3919982910156,,,
615371827.411168,-109.088905334473,,,615371827.411168,-99.480712890625,,,
615382402.707276,-107.819801330566,,,615382402.707276,-99.2376861572266,,,
615392978.003384,-112.656448364258,,,615392978.003384,-99.2825088500977,,,
615403553.299492,-110.057487487793,,,615403553.299492,-98.1224746704102,,,
615414128.595601,-105.030967712402,,,615414128.595601,-98.6272125244141,,,
615424703.891709,-104.534721374512,,,615424703.891709,-98.8138809204102,,,
615435279.187817,-108.007659912109,,,615435279.187817,-97.9887161254883,,,
615445854.483926,-104.425354003906,,,615445854.483926,-99.2736206054688,,,
615456429.780034,-108.33667755127,,,615456429.780034,-98.8625793457031,,,
615467005.076142,-111.522331237793,,,615467005.076142,-98.2205200195313,,,
615477580.37225,-106.835426330566,,,615477580.37225,-99.0054550170898,,,
615488155.668359,-106.427268981934,,,615488155.668359,-99.5122680664063,,,
615498730.964467,-109.362152099609,,,615498730.964467,-99.8244476318359,,,
615509306.260575,-107.342864990234,,,615509306.260575,-99.3165740966797,,,
615519881.556684,-108.36775970459,,,615519881.556684,-99.158935546875,,,
615530456.852792,-107.015159606934,,,615530456.852792,-98.9510040283203,,,
615541032.1489,-105.407386779785,,,615541032.1489,-99.8840942382813,,,
615551607.445009,-103.55982208252,,,615551607.445009,-99.6731567382813,,,
615562182.741117,-108.569969177246,,,615562182.741117,-98.7858352661133,,,
615572758.037225,-109.506896972656,,,615572758.037225,-98.5963897705078,,,
615583333.333333,-110.660194396973,,,615583333.333333,-98.6989059448242,,,
615593908.629442,-110.852386474609,,,615593908.629442,-99.8792037963867,,,
615604483.92555,-106.564422607422,,,615604483.92555,-99.8660278320313,,,
615615059.221658,-113.876945495605,,,615615059.221658,-100.183135986328,,,
615625634.517766,-112.951217651367,,,615625634.517766,-100.028289794922,,,
615636209.813875,-106.288421630859,,,615636209.813875,-99.4584503173828,,,
615646785.109983,-103.657112121582,,,615646785.109983,-99.6155242919922,,,
615657360.406091,-106.279769897461,,,615657360.406091,-98.2375335693359,,,
615667935.7022,-107.574844360352,,,615667935.7022,-97.8700485229492,,,
615678510.998308,-104.917785644531,,,615678510.998308,-99.8349685668945,,,
615689086.294416,-104.280364990234,,,615689086.294416,-99.1578598022461,,,
615699661.590525,-109.223136901855,,,615699661.590525,-97.9931106567383,,,
615710236.886633,-112.234977722168,,,615710236.886633,-97.2597045898438,,,
615720812.182741,-107.160385131836,,,615720812.182741,-97.2638931274414,,,
615731387.478849,-109.784439086914,,,615731387.478849,-99.9462890625,,,
615741962.774958,-105.271614074707,,,615741962.774958,-99.9258193969727,,,
615752538.071066,-105.199882507324,,,615752538.071066,-99.8647537231445,,,
615763113.367174,-108.17724609375,,,615763113.367174,-99.7131042480469,,,
615773688.663283,-111.148727416992,,,615773688.663283,-99.2470550537109,,,
615784263.959391,-104.198837280273,,,615784263.959391,-100.71363067627,,,
615794839.255499,-108.357040405273,,,615794839.255499,-98.3731536865234,,,
615805414.551607,-104.414688110352,,,615805414.551607,-98.0889587402344,,,
615815989.847716,-107.409614562988,,,615815989.847716,-99.0342559814453,,,
615826565.143824,-108.685211181641,,,615826565.143824,-99.5316543579102,,,
615837140.439932,-115.973175048828,,,615837140.439932,-98.7688369750977,,,
615847715.736041,-109.889434814453,,,615847715.736041,-100.303649902344,,,
615858291.032149,-109.96834564209,,,615858291.032149,-99.8139724731445,,,
615868866.328257,-107.593276977539,,,615868866.328257,-99.9633941650391,,,
615879441.624365,-113.220405578613,,,615879441.624365,-99.8225631713867,,,
615890016.920474,-110.321533203125,,,615890016.920474,-100.490081787109,,,
615900592.216582,-109.470069885254,,,615900592.216582,-100.571624755859,,,
615911167.51269,-109.057792663574,,,615911167.51269,-100.529174804688,,,
615921742.808799,-108.453147888184,,,615921742.808799,-100.48616027832,,,
615932318.104907,-115.05362701416,,,615932318.104907,-100.537826538086,,,
615942893.401015,-107.632553100586,,,615942893.401015,-99.9703369140625,,,
615953468.697124,-109.708717346191,,,615953468.697124,-100.266036987305,,,
615964043.993232,-106.099571228027,,,615964043.993232,-100.125114440918,,,
615974619.28934,-109.725593566895,,,615974619.28934,-100.89820098877,,,
615985194.585448,-108.121688842773,,,615985194.585448,-100.155838012695,,,
615995769.881557,-108.818016052246,,,615995769.881557,-99.1931381225586,,,
616006345.177665,-107.465232849121,,,616006345.177665,-100.323394775391,,,
616016920.473773,-107.001312255859,,,616016920.473773,-100.648902893066,,,
616027495.769882,-106.790679931641,,,616027495.769882,-100.804016113281,,,
616038071.06599,-110.376403808594,,,616038071.06599,-100.022575378418,,,
616048646.362098,-105.410949707031,,,616048646.362098,-100.473937988281,,,
616059221.658206,-106.693008422852,,,616059221.658206,-100.730422973633,,,
616069796.954315,-107.183380126953,,,616069796.954315,-101.495254516602,,,
616080372.250423,-115.254875183105,,,616080372.250423,-101.328300476074,,,
616090947.546531,-109.617218017578,,,616090947.546531,-100.995018005371,,,
616101522.84264,-110.507972717285,,,616101522.84264,-99.3398056030273,,,
616112098.138748,-105.634971618652,,,616112098.138748,-100.480293273926,,,
616122673.434856,-109.0546875,,,616122673.434856,-101.263320922852,,,
616133248.730964,-113.516708374023,,,616133248.730964,-102.165817260742,,,
616143824.027073,-113.617172241211,,,616143824.027073,-100.32551574707,,,
616154399.323181,-110.066268920898,,,616154399.323181,-101.754333496094,,,
616164974.619289,-110.38484954834,,,616164974.619289,-100.984313964844,,,
616175549.915398,-111.53116607666,,,616175549.915398,-100.446464538574,,,
616186125.211506,-112.241134643555,,,616186125.211506,-100.881851196289,,,
616196700.507614,-110.781631469727,,,616196700.507614,-100.670532226563,,,
616207275.803723,-105.990814208984,,,616207275.803723,-99.7598495483398,,,
616217851.099831,-109.264579772949,,,616217851.099831,-101.573043823242,,,
616228426.395939,-104.810523986816,,,616228426.395939,-99.7148132324219,,,
616239001.692047,-112.341812133789,,,616239001.692047,-99.640869140625,,,
616249576.988156,-108.822578430176,,,616249576.988156,-98.7314529418945,,,
616260152.284264,-110.986053466797,,,616260152.284264,-99.6765594482422,,,
616270727.580372,-109.70938873291,,,616270727.580372,-100.939483642578,,,
616281302.876481,-109.161231994629,,,616281302.876481,-100.95491027832,,,
616291878.172589,-109.562995910645,,,616291878.172589,-99.1016616821289,,,
616302453.468697,-108.214965820313,,,616302453.468697,-99.1483001708984,,,
616313028.764805,-107.901847839355,,,616313028.764805,-100.647041320801,,,
616323604.060914,-108.251564025879,,,616323604.060914,-98.7015762329102,,,
616334179.357022,-110.664276123047,,,616334179.357022,-100.677963256836,,,
616344754.65313,-110.923973083496,,,616344754.65313,-99.7135848999023,,,
616355329.949239,-112.112785339355,,,616355329.949239,-99.9800109863281,,,
616365905.245347,-107.411811828613,,,616365905.245347,-100.529708862305,,,
616376480.541455,-105.094383239746,,,616376480.541455,-100.12638092041,,,
616387055.837563,-103.660499572754,,,616387055.837563,-100.176132202148,,,
616397631.133672,-109.093414306641,,,616397631.133672,-100.574310302734,,,
616408206.42978,-113.0224609375,,,616408206.42978,-98.4536285400391,,,
616418781.725888,-104.029296875,,,616418781.725888,-98.4197998046875,,,
616429357.021997,-111.745712280273,,,616429357.021997,-98.7635192871094,,,
616439932.318105,-115.728996276855,,,616439932.318105,-99.2743682861328,,,
616450507.614213,-113.193420410156,,,616450507.614213,-99.7687911987305,,,
616461082.910321,-111.82160949707,,,616461082.910321,-98.9326400756836,,,
616471658.20643,-105.38557434082,,,616471658.20643,-98.9167175292969,,,
616482233.502538,-109.850746154785,,,616482233.502538,-100.115341186523,,,
616492808.798646,-109.58504486084,,,616492808.798646,-100.098915100098,,,
616503384.094755,-107.323593139648,,,616503384.094755,-99.1252822875977,,,
616513959.390863,-106.99739074707,,,616513959.390863,-99.3171081542969,,,
616524534.686971,-109.211517333984,,,616524534.686971,-100.094650268555,,,
616535109.98308,-115.865745544434,,,616535109.98308,-99.5741119384766,,,
616545685.279188,-108.758193969727,,,616545685.279188,-99.1712799072266,,,
616556260.575296,-109.671531677246,,,616556260.575296,-99.3583602905273,,,
616566835.871404,-107.427993774414,,,616566835.871404,-100.338882446289,,,
616577411.167513,-107.63932800293,,,616577411.167513,-100.120971679688,,,
616587986.463621,-106.667350769043,,,616587986.463621,-98.9840850830078,,,
616598561.759729,-109.690635681152,,,616598561.759729,-98.8757019042969,,,
616609137.055838,-109.93041229248,,,616609137.055838,-99.5972442626953,,,
616619712.351946,-108.761924743652,,,616619712.351946,-99.5870590209961,,,
616630287.648054,-108.336128234863,,,616630287.648054,-99.250862121582,,,
616640862.944162,-108.611030578613,,,616640862.944162,-99.5794906616211,,,
616651438.240271,-108.770606994629,,,616651438.240271,-99.2442169189453,,,
616662013.536379,-106.387718200684,,,616662013.536379,-99.0840377807617,,,
616672588.832487,-106.381324768066,,,616672588.832487,-99.1580581665039,,,
616683164.128596,-105.383598327637,,,616683164.128596,-98.6260833740234,,,
616693739.424704,-108.14372253418,,,616693739.424704,-99.1759796142578,,,
616704314.720812,-109.131980895996,,,616704314.720812,-98.4541015625,,,
616714890.01692,-110.425819396973,,,616714890.01692,-97.6093292236328,,,
616725465.313029,-110.319511413574,,,616725465.313029,-99.2549362182617,,,
616736040.609137,-106.626892089844,,,616736040.609137,-99.127799987793,,,
616746615.905245,-108.998680114746,,,616746615.905245,-98.6832122802734,,,
616757191.201354,-112.394088745117,,,616757191.201354,-99.2241668701172,,,
616767766.497462,-112.841087341309,,,616767766.497462,-99.0282440185547,,,
616778341.79357,-112.184226989746,,,616778341.79357,-98.5144653320313,,,
616788917.089679,-111.453407287598,,,616788917.089679,-98.4088363647461,,,
616799492.385787,-110.032897949219,,,616799492.385787,-98.7358703613281,,,
616810067.681895,-108.902961730957,,,616810067.681895,-98.6318359375,,,
616820642.978003,-108.417541503906,,,616820642.978003,-99.1714477539063,,,
616831218.274112,-106.154739379883,,,616831218.274112,-99.3893127441406,,,
616841793.57022,-106.481369018555,,,616841793.57022,-99.0235061645508,,,
616852368.866328,-117.833183288574,,,616852368.866328,-98.6806182861328,,,
616862944.162437,-106.242767333984,,,616862944.162437,-98.8933563232422,,,
616873519.458545,-115.626655578613,,,616873519.458545,-99.025260925293,,,
616884094.754653,-105.912078857422,,,616884094.754653,-97.5934143066406,,,
616894670.050761,-110.173759460449,,,616894670.050761,-98.7694549560547,,,
616905245.34687,-111.651008605957,,,616905245.34687,-98.8141555786133,,,
616915820.642978,-109.385452270508,,,616915820.642978,-99.1441650390625,,,
616926395.939086,-107.148994445801,,,616926395.939086,-96.6840209960938,,,
616936971.235195,-108.941230773926,,,616936971.235195,-97.9529571533203,,,
616947546.531303,-109.642135620117,,,616947546.531303,-98.8233413696289,,,
616958121.827411,-104.031089782715,,,616958121.827411,-97.8151931762695,,,
616968697.123519,-106.060668945313,,,616968697.123519,-98.8402786254883,,,
616979272.419628,-112.764335632324,,,616979272.419628,-99.6211166381836,,,
616989847.715736,-107.575546264648,,,616989847.715736,-98.1555023193359,,,
617000423.011844,-110.358894348145,,,617000423.011844,-98.2094955444336,,,
617010998.307953,-109.799797058105,,,617010998.307953,-98.1317443847656,,,
617021573.604061,-105.314956665039,,,617021573.604061,-98.4945602416992,,,
617032148.900169,-105.368370056152,,,617032148.900169,-98.9455337524414,,,
617042724.196278,-109.791931152344,,,617042724.196278,-98.6363220214844,,,
617053299.492386,-111.557395935059,,,617053299.492386,-99.1669158935547,,,
617063874.788494,-105.226425170898,,,617063874.788494,-98.794319152832,,,
617074450.084602,-107.229301452637,,,617074450.084602,-98.5934143066406,,,
617085025.380711,-105.756187438965,,,617085025.380711,-98.3253784179688,,,
617095600.676819,-115.142150878906,,,617095600.676819,-98.1004638671875,,,
617106175.972927,-111.838523864746,,,617106175.972927,-99.5685501098633,,,
617116751.269036,-109.023811340332,,,617116751.269036,-99.0666580200195,,,
617127326.565144,-106.198936462402,,,617127326.565144,-98.4766006469727,,,
617137901.861252,-111.135665893555,,,617137901.861252,-98.4262084960938,,,
617148477.15736,-106.29175567627,,,617148477.15736,-99.4814147949219,,,
617159052.453469,-105.692825317383,,,617159052.453469,-97.3528518676758,,,
617169627.749577,-113.269065856934,,,617169627.749577,-98.1180725097656,,,
617180203.045685,-104.372283935547,,,617180203.045685,-96.7203750610352,,,
617190778.341794,-105.342727661133,,,617190778.341794,-98.6641311645508,,,
617201353.637902,-113.229095458984,,,617201353.637902,-99.0074157714844,,,
617211928.93401,-105.175338745117,,,617211928.93401,-98.5043487548828,,,
617222504.230118,-108.753295898438,,,617222504.230118,-98.7173843383789,,,
617233079.526227,-104.485343933105,,,617233079.526227,-99.4847259521484,,,
617243654.822335,-105.994346618652,,,617243654.822335,-98.9422607421875,,,
617254230.118443,-102.745979309082,,,617254230.118443,-98.1587982177734,,,
617264805.414552,-106.422805786133,,,617264805.414552,-98.6923065185547,,,
617275380.71066,-105.821319580078,,,617275380.71066,-97.1181182861328,,,
617285956.006768,-104.778816223145,,,617285956.006768,-97.0304107666016,,,
617296531.302876,-103.859802246094,,,617296531.302876,-97.9916076660156,,,
617307106.598985,-109.978034973145,,,617307106.598985,-98.8824768066406,,,
617317681.895093,-105.943977355957,,,617317681.895093,-99.4330062866211,,,
617328257.191201,-109.968032836914,,,617328257.191201,-99.3413543701172,,,
617338832.48731,-106.593734741211,,,617338832.48731,-99.7919387817383,,,
617349407.783418,-108.215980529785,,,617349407.783418,-100.02766418457,,,
617359983.079526,-107.758827209473,,,617359983.079526,-99.5687484741211,,,
617370558.375635,-110.59236907959,,,617370558.375635,-99.4648971557617,,,
617381133.671743,-115.125633239746,,,617381133.671743,-98.7513198852539,,,
617391708.967851,-108.78897857666,,,617391708.967851,-99.7043533325195,,,
617402284.263959,-103.272659301758,,,617402284.263959,-99.2829284667969,,,
617412859.560068,-102.693237304688,,,617412859.560068,-99.3289337158203,,,
617423434.856176,-107.588722229004,,,617423434.856176,-100.205718994141,,,
617434010.152284,-109.344673156738,,,617434010.152284,-99.5657653808594,,,
617444585.448393,-109.687973022461,,,617444585.448393,-97.4789428710938,,,
617455160.744501,-106.025825500488,,,617455160.744501,-97.6627960205078,,,
617465736.040609,-110.22388458252,,,617465736.040609,-99.2179336547852,,,
617476311.336717,-107.525390625,,,617476311.336717,-99.2790222167969,,,
617486886.632826,-108.319847106934,,,617486886.632826,-99.4424591064453,,,
617497461.928934,-113.377944946289,,,617497461.928934,-99.8398971557617,,,
617508037.225042,-109.289985656738,,,617508037.225042,-99.0317535400391,,,
617518612.521151,-108.348930358887,,,617518612.521151,-98.9319610595703,,,
617529187.817259,-108.300491333008,,,617529187.817259,-99.9854736328125,,,
617539763.113367,-107.684181213379,,,617539763.113367,-100.336273193359,,,
617550338.409475,-107.474853515625,,,617550338.409475,-97.9073028564453,,,
617560913.705584,-107.929092407227,,,617560913.705584,-97.8057861328125,,,
617571489.001692,-105.406852722168,,,617571489.001692,-99.9612731933594,,,
617582064.2978,-112.882881164551,,,617582064.2978,-100.559066772461,,,
617592639.593909,-112.222160339355,,,617592639.593909,-98.0378646850586,,,
617603214.890017,-111.03547668457,,,617603214.890017,-98.5222549438477,,,
617613790.186125,-107.486801147461,,,617613790.186125,-99.9102401733398,,,
617624365.482234,-109.284408569336,,,617624365.482234,-100.172256469727,,,
617634940.778342,-108.991157531738,,,617634940.778342,-100.046264648438,,,
617645516.07445,-103.799476623535,,,617645516.07445,-100.465003967285,,,
617656091.370558,-111.99144744873,,,617656091.370558,-99.4519195556641,,,
617666666.666667,-108.103706359863,,,617666666.666667,-99.5653762817383,,,
617677241.962775,-108.107391357422,,,617677241.962775,-100.982879638672,,,
617687817.258883,-112.193916320801,,,617687817.258883,-99.5894622802734,,,
617698392.554991,-109.489921569824,,,617698392.554991,-99.2259979248047,,,
617708967.8511,-107.507064819336,,,617708967.8511,-99.686767578125,,,
617719543.147208,-104.984306335449,,,617719543.147208,-100.066932678223,,,
617730118.443316,-106.36986541748,,,617730118.443316,-98.9882507324219,,,
617740693.739425,-111.966651916504,,,617740693.739425,-98.9192810058594,,,
617751269.035533,-109.03564453125,,,617751269.035533,-99.4322357177734,,,
617761844.331641,-108.270851135254,,,617761844.331641,-99.4937057495117,,,
617772419.62775,-105.055000305176,,,617772419.62775,-100.508941650391,,,
617782994.923858,-107.915641784668,,,617782994.923858,-100.499328613281,,,
617793570.219966,-114.44197845459,,,617793570.219966,-100.600433349609,,,
617804145.516074,-107.965530395508,,,617804145.516074,-100.511901855469,,,
617814720.812183,-108.938041687012,,,617814720.812183,-100.402206420898,,,
617825296.108291,-109.897598266602,,,617825296.108291,-101.215156555176,,,
617835871.404399,-111.174186706543,,,617835871.404399,-102.139167785645,,,
617846446.700508,-107.400375366211,,,617846446.700508,-100.983016967773,,,
617857021.996616,-109.459014892578,,,617857021.996616,-99.4816131591797,,,
617867597.292724,-114.196235656738,,,617867597.292724,-100.191024780273,,,
617878172.588833,-111.629196166992,,,617878172.588833,-100.984115600586,,,
617888747.884941,-109.826728820801,,,617888747.884941,-100.932411193848,,,
617899323.181049,-116.739944458008,,,617899323.181049,-102.112144470215,,,
617909898.477157,-110.224517822266,,,617909898.477157,-101.602279663086,,,
617920473.773266,-108.407836914063,,,617920473.773266,-101.316619873047,,,
617931049.069374,-108.43310546875,,,617931049.069374,-100.695442199707,,,
617941624.365482,-108.650459289551,,,617941624.365482,-99.5414199829102,,,
617952199.661591,-107.914825439453,,,617952199.661591,-100.322296142578,,,
617962774.957699,-107.216094970703,,,617962774.957699,-100.76921081543,,,
617973350.253807,-115.90454864502,,,617973350.253807,-100.885704040527,,,
617983925.549915,-113.92155456543,,,617983925.549915,-99.5978240966797,,,
617994500.846024,-113.465339660645,,,617994500.846024,-100.504508972168,,,
618005076.142132,-108.95532989502,,,618005076.142132,-100.498825073242,,,
618015651.43824,-110.690017700195,,,618015651.43824,-100.888801574707,,,
618026226.734349,-110.057823181152,,,618026226.734349,-100.50821685791,,,
618036802.030457,-116.20613861084,,,618036802.030457,-99.8201217651367,,,
618047377.326565,-107.189811706543,,,618047377.326565,-100.062461853027,,,
618057952.622673,-106.979049682617,,,618057952.622673,-100.156143188477,,,
618068527.918782,-109.368232727051,,,618068527.918782,-101.391563415527,,,
618079103.21489,-109.800430297852,,,618079103.21489,-100.847129821777,,,
618089678.510998,-111.538925170898,,,618089678.510998,-100.782470703125,,,
618100253.807107,-114.173538208008,,,618100253.807107,-100.521598815918,,,
618110829.103215,-113.845779418945,,,618110829.103215,-99.6594467163086,,,
618121404.399323,-105.993263244629,,,618121404.399323,-98.2070846557617,,,
618131979.695431,-105.680877685547,,,618131979.695431,-99.5940093994141,,,
618142554.99154,-108.253952026367,,,618142554.99154,-100.044189453125,,,
618153130.287648,-107.693069458008,,,618153130.287648,-100.004348754883,,,
618163705.583756,-108.995429992676,,,618163705.583756,-100.367012023926,,,
618174280.879865,-105.93879699707,,,618174280.879865,-99.910400390625,,,
618184856.175973,-104.600059509277,,,618184856.175973,-100.191429138184,,,
618195431.472081,-112.422508239746,,,618195431.472081,-100.428283691406,,,
618206006.76819,-111.589279174805,,,618206006.76819,-99.9929046630859,,,
618216582.064298,-110.661201477051,,,618216582.064298,-99.7040557861328,,,
618227157.360406,-112.569267272949,,,618227157.360406,-99.7726516723633,,,
618237732.656514,-110.647048950195,,,618237732.656514,-99.879020690918,,,
618248307.952623,-108.045684814453,,,618248307.952623,-100.681381225586,,,
618258883.248731,-108.846305847168,,,618258883.248731,-100.770362854004,,,
618269458.544839,-112.662330627441,,,618269458.544839,-100.707214355469,,,
618280033.840948,-115.381355285645,,,618280033.840948,-100.003242492676,,,
618290609.137056,-110.973136901855,,,618290609.137056,-99.8679046630859,,,
618301184.433164,-107.306282043457,,,618301184.433164,-99.8597946166992,,,
618311759.729272,-109.210662841797,,,618311759.729272,-99.9711990356445,,,
618322335.025381,-111.69401550293,,,618322335.025381,-98.4492645263672,,,
618332910.321489,-108.133590698242,,,618332910.321489,-97.6262435913086,,,
618343485.617597,-106.190528869629,,,618343485.617597,-98.2678146362305,,,
618354060.913706,-114.649147033691,,,618354060.913706,-99.3159942626953,,,
618364636.209814,-110.647087097168,,,618364636.209814,-100.381896972656,,,
618375211.505922,-107.710990905762,,,618375211.505922,-100.033302307129,,,
618385786.80203,-106.625762939453,,,618385786.80203,-100.165504455566,,,
618396362.098139,-109.377937316895,,,618396362.098139,-100.665702819824,,,
618406937.394247,-108.414237976074,,,618406937.394247,-100.540008544922,,,
618417512.690355,-110.525085449219,,,618417512.690355,-99.3995361328125,,,
618428087.986464,-114.47437286377,,,618428087.986464,-98.6339721679688,,,
618438663.282572,-105.057189941406,,,618438663.282572,-98.8349533081055,,,
618449238.57868,-110.883888244629,,,618449238.57868,-99.5050964355469,,,
618459813.874789,-108.037467956543,,,618459813.874789,-99.6294326782227,,,
618470389.170897,-108.538200378418,,,618470389.170897,-99.4560775756836,,,
618480964.467005,-107.569175720215,,,618480964.467005,-98.6605834960938,,,
618491539.763113,-104.479652404785,,,618491539.763113,-98.778434753418,,,
618502115.059222,-103.743675231934,,,618502115.059222,-98.1372833251953,,,
618512690.35533,-107.114875793457,,,618512690.35533,-99.1447219848633,,,
618523265.651438,-108.913330078125,,,618523265.651438,-98.2907638549805,,,
618533840.947546,-109.811012268066,,,618533840.947546,-99.3216400146484,,,
618544416.243655,-106.177146911621,,,618544416.243655,-99.0421752929688,,,
618554991.539763,-107.770080566406,,,618554991.539763,-98.234260559082,,,
618565566.835871,-105.541137695313,,,618565566.835871,-98.0947647094727,,,
618576142.13198,-108.567001342773,,,618576142.13198,-99.017692565918,,,
618586717.428088,-111.42790222168,,,618586717.428088,-99.4498672485352,,,
618597292.724196,-105.349723815918,,,618597292.724196,-100.074310302734,,,
618607868.020305,-106.704360961914,,,618607868.020305,-99.3159942626953,,,
618618443.316413,-110.300636291504,,,618618443.316413,-99.7845687866211,,,
618629018.612521,-106.447402954102,,,618629018.612521,-97.9894409179688,,,
618639593.908629,-107.410827636719,,,618639593.908629,-98.4078750610352,,,
618650169.204738,-104.605323791504,,,618650169.204738,-99.326171875,,,
618660744.500846,-110.369415283203,,,618660744.500846,-99.3611831665039,,,
618671319.796954,-111.298210144043,,,618671319.796954,-98.7593612670898,,,
618681895.093063,-107.590408325195,,,618681895.093063,-98.8701095581055,,,
618692470.389171,-108.18042755127,,,618692470.389171,-99.7114562988281,,,
618703045.685279,-105.794227600098,,,618703045.685279,-98.8530044555664,,,
618713620.981388,-111.824523925781,,,618713620.981388,-98.5239944458008,,,
618724196.277496,-112.33415222168,,,618724196.277496,-98.3208847045898,,,
618734771.573604,-105.917007446289,,,618734771.573604,-98.3081817626953,,,
618745346.869712,-105.021286010742,,,618745346.869712,-99.0753173828125,,,
618755922.165821,-106.953834533691,,,618755922.165821,-98.8888244628906,,,
618766497.461929,-111.113540649414,,,618766497.461929,-98.8205108642578,,,
618777072.758037,-110.330421447754,,,618777072.758037,-99.3886260986328,,,
618787648.054146,-111.208534240723,,,618787648.054146,-98.6976013183594,,,
618798223.350254,-106.760765075684,,,618798223.350254,-99.0860061645508,,,
618808798.646362,-106.342811584473,,,618808798.646362,-99.3571853637695,,,
618819373.94247,-105.379333496094,,,618819373.94247,-98.5400161743164,,,
618829949.238579,-108.003196716309,,,618829949.238579,-99.8602294921875,,,
618840524.534687,-106.603302001953,,,618840524.534687,-99.5459442138672,,,
618851099.830795,-112.579368591309,,,618851099.830795,-98.7769393920898,,,
618861675.126904,-113.296455383301,,,618861675.126904,-97.7424774169922,,,
618872250.423012,-110.639266967773,,,618872250.423012,-98.5538711547852,,,
618882825.71912,-106.578300476074,,,618882825.71912,-99.1956405639648,,,
618893401.015228,-105.217155456543,,,618893401.015228,-99.0818939208984,,,
618903976.311337,-108.95671081543,,,618903976.311337,-98.8220138549805,,,
618914551.607445,-104.39038848877,,,618914551.607445,-98.3998031616211,,,
618925126.903553,-105.775367736816,,,618925126.903553,-98.7080535888672,,,
618935702.199662,-108.840065002441,,,618935702.199662,-99.2763137817383,,,
618946277.49577,-107.828735351563,,,618946277.49577,-99.196907043457,,,
618956852.791878,-115.907775878906,,,618956852.791878,-96.800537109375,,,
618967428.087986,-110.428916931152,,,618967428.087986,-96.7118835449219,,,
618978003.384095,-109.50252532959,,,618978003.384095,-99.5769958496094,,,
618988578.680203,-107.117553710938,,,618988578.680203,-98.8119583129883,,,
618999153.976311,-106.746208190918,,,618999153.976311,-98.1384353637695,,,
619009729.27242,-107.293930053711,,,619009729.27242,-99.0945663452148,,,
619020304.568528,-108.300598144531,,,619020304.568528,-99.4685287475586,,,
619030879.864636,-107.364784240723,,,619030879.864636,-99.8548965454102,,,
619041455.160745,-105.573417663574,,,619041455.160745,-99.4578247070313,,,
619052030.456853,-108.685386657715,,,619052030.456853,-99.2064437866211,,,
619062605.752961,-113.197113037109,,,619062605.752961,-98.9428482055664,,,
619073181.049069,-105.299499511719,,,619073181.049069,-99.5702133178711,,,
619083756.345178,-109.052978515625,,,619083756.345178,-99.5212326049805,,,
619094331.641286,-108.056922912598,,,619094331.641286,-100.008316040039,,,
619104906.937394,-106.41911315918,,,619104906.937394,-97.5234909057617,,,
619115482.233503,-105.384155273438,,,619115482.233503,-99.0634078979492,,,
619126057.529611,-106.548950195313,,,619126057.529611,-97.5851516723633,,,
619136632.825719,-107.67520904541,,,619136632.825719,-97.3425979614258,,,
619147208.121827,-110.447158813477,,,619147208.121827,-99.0595016479492,,,
619157783.417936,-113.337699890137,,,619157783.417936,-99.0038375854492,,,
619168358.714044,-112.632774353027,,,619168358.714044,-99.2235260009766,,,
619178934.010152,-108.929351806641,,,619178934.010152,-98.3835296630859,,,
619189509.306261,-108.428291320801,,,619189509.306261,-98.3638687133789,,,
619200084.602369,-108.483352661133,,,619200084.602369,-98.1354217529297,,,
619210659.898477,-104.758720397949,,,619210659.898477,-100.196495056152,,,
619221235.194585,-107.395988464355,,,619221235.194585,-99.5698165893555,,,
619231810.490694,-106.862731933594,,,619231810.490694,-98.6386337280273,,,
619242385.786802,-108.227485656738,,,619242385.786802,-98.9907455444336,,,
619252961.08291,-109.198287963867,,,619252961.08291,-99.5990142822266,,,
619263536.379019,-105.125350952148,,,619263536.379019,-99.900276184082,,,
619274111.675127,-104.325241088867,,,619274111.675127,-101.152313232422,,,
619284686.971235,-111.735237121582,,,619284686.971235,-98.8326034545898,,,
619295262.267344,-110.298469543457,,,619295262.267344,-97.3978652954102,,,
619305837.563452,-110.381942749023,,,619305837.563452,-99.2621688842773,,,
619316412.85956,-112.404853820801,,,619316412.85956,-100.003684997559,,,
619326988.155668,-104.601135253906,,,619326988.155668,-99.230339050293,,,
619337563.451777,-110.68091583252,,,619337563.451777,-99.8944778442383,,,
619348138.747885,-107.079818725586,,,619348138.747885,-100.275520324707,,,
619358714.043993,-113.829315185547,,,619358714.043993,-100.03929901123,,,
619369289.340101,-113.922554016113,,,619369289.340101,-98.6537933349609,,,
619379864.63621,-107.422760009766,,,619379864.63621,-99.9742584228516,,,
619390439.932318,-106.336288452148,,,619390439.932318,-99.3918762207031,,,
619401015.228426,-112.422676086426,,,619401015.228426,-99.7528533935547,,,
619411590.524535,-110.05135345459,,,619411590.524535,-100.86710357666,,,
619422165.820643,-114.002555847168,,,619422165.820643,-99.3159942626953,,,
619432741.116751,-106.429420471191,,,619432741.116751,-100.339782714844,,,
619443316.41286,-109.140701293945,,,619443316.41286,-100.29337310791,,,
619453891.708968,-111.477966308594,,,619453891.708968,-100.795143127441,,,
619464467.005076,-110.20677947998,,,619464467.005076,-99.3056640625,,,
619475042.301184,-107.884460449219,,,619475042.301184,-99.3120574951172,,,
619485617.597293,-111.16088104248,,,619485617.597293,-100.724082946777,,,
619496192.893401,-111.141441345215,,,619496192.893401,-99.9201126098633,,,
619506768.189509,-109.194732666016,,,619506768.189509,-99.7435073852539,,,
619517343.485618,-109.885887145996,,,619517343.485618,-100.241874694824,,,
619527918.781726,-113.114685058594,,,619527918.781726,-100.152717590332,,,
619538494.077834,-107.104057312012,,,619538494.077834,-99.5542907714844,,,
619549069.373942,-107.900779724121,,,619549069.373942,-99.617317199707,,,
619559644.670051,-108.781364440918,,,619559644.670051,-100.27645111084,,,
619570219.966159,-109.559989929199,,,619570219.966159,-99.8239288330078,,,
619580795.262267,-106.977890014648,,,619580795.262267,-99.5445709228516,,,
619591370.558376,-107.620941162109,,,619591370.558376,-100.640632629395,,,
619601945.854484,-109.613624572754,,,619601945.854484,-100.011619567871,,,
619612521.150592,-105.522926330566,,,619612521.150592,-100.196723937988,,,
619623096.4467,-109.625610351563,,,619623096.4467,-100.835243225098,,,
619633671.742809,-113.025199890137,,,619633671.742809,-100.99683380127,,,
619644247.038917,-111.533416748047,,,619644247.038917,-101.622467041016,,,
619654822.335025,-108.041534423828,,,619654822.335025,-101.193260192871,,,
619665397.631134,-108.241744995117,,,619665397.631134,-100.090911865234,,,
619675972.927242,-109.747207641602,,,619675972.927242,-101.451568603516,,,
619686548.22335,-112.144607543945,,,619686548.22335,-101.587593078613,,,
619697123.519459,-108.002426147461,,,619697123.519459,-100.509452819824,,,
619707698.815567,-108.916877746582,,,619707698.815567,-100.610122680664,,,
619718274.111675,-105.257667541504,,,619718274.111675,-102.147239685059,,,
619728849.407783,-107.443641662598,,,619728849.407783,-101.967491149902,,,
619739424.703892,-115.135559082031,,,619739424.703892,-101.266166687012,,,
619750000,-112.431190490723,,,619750000,-99.7248764038086,,,
